pc_datetime,elapsed_ms,record_type,ibi_bpm,ibi_quality,ibi_relation,corr_bpm,corr_quality,corr_strength,corr_relation,spectral_bpm,spectral_raw_bpm,spectral_quality,spectral_dominance,second_harmonic_ratio,spectral_relation,fused_bpm,fusion_confidence,methods_agree,fusion_valid,harmonic_suspect,harmonic_resolved,fusion_score,hybrid_samples,analysis_cpu_us,analysis_max_cpu_us,slice_us,slice_max_us,cycle_elapsed_ms,sample_gap_max_ms,serial_line
2026-08-25T00:52:14.319,4,RAW_LINE,,,,,,,,,,,,,,,,,,,,,,,,,,,,[SIGNAL] state=NO_CONTACT contact=NO motion=NO raw=2231 dc=2229.8 ac=-23.4 ppg=-29.7 env=30.6 noise=4.4 snr=6.24 bpmIBI=0 fused=0 valid=NO
2026-08-25T00:52:14.819,505,RAW_LINE,,,,,,,,,,,,,,,,,,,,,,,,,,,,[SIGNAL] state=ACQUIRING contact=YES motion=NO raw=2255 dc=2232.3 ac=+7.1 ppg=-11.7 env=31.5 noise=5.8 snr=5.03 bpmIBI=0 fused=0 valid=NO
2026-08-25T00:52:15.319,1004,RAW_LINE,,,,,,,,,,,,,,,,,,,,,,,,,,,,[SIGNAL] state=ACQUIRING contact=YES motion=NO raw=2235 dc=2237.7 ac=+16.9 ppg=+12.4 env=33.1 noise=4.1 snr=7.17 bpmIBI=0 fused=0 valid=NO
2026-08-25T00:52:15.819,1505,RAW_LINE,,,,,,,,,,,,,,,,,,,,,,,,,,,,[SIGNAL] state=ACQUIRING contact=YES motion=NO raw=2328 dc=2237.5 ac=+57.4 ppg=+21.4 env=18.8 noise=5.3 snr=3.22 bpmIBI=0 fused=0 valid=NO
2026-08-25T00:52:15.918,1603,RAW_LINE,,,,,,,,,,,,,,,,,,,,,,,,,,,,[PULSE] #1 state=ACQUIRING bpmIBI=0 ibi=0 accepted=NO peak=91.1 prom=113.4
2026-08-25T00:52:16.248,1934,RAW_LINE,,,,,,,,,,,,,,,,,,,,,,,,,,,,[PULSE] #2 state=ACQUIRING bpmIBI=0 ibi=320 accepted=NO peak=15.2 prom=21.7
2026-08-25T00:52:16.318,2004,RAW_LINE,,,,,,,,,,,,,,,,,,,,,,,,,,,,[SIGNAL] state=ACQUIRING contact=YES motion=NO raw=2232 dc=2242.9 ac=-6.9 ppg=-14.2 env=17.1 noise=2.5 snr=5.71 bpmIBI=0 fused=0 valid=NO
2026-08-25T00:52:16.627,2313,RAW_LINE,,,,,,,,,,,,,,,,,,,,,,,,,,,,[PULSE] #3 state=ACQUIRING bpmIBI=0 ibi=380 accepted=NO peak=87.1 prom=105.6
2026-08-25T00:52:16.820,2506,RAW_LINE,,,,,,,,,,,,,,,,,,,,,,,,,,,,[SIGNAL] state=ACQUIRING contact=YES motion=NO raw=2253 dc=2247.9 ac=-8.3 ppg=-29.4 env=28.7 noise=4.3 snr=6.00 bpmIBI=0 fused=0 valid=NO
2026-08-25T00:52:17.319,3005,RAW_LINE,,,,,,,,,,,,,,,,,,,,,,,,,,,,[SIGNAL] state=ACQUIRING contact=YES motion=NO raw=2332 dc=2251.0 ac=+86.7 ppg=+60.2 env=33.6 noise=4.7 snr=6.50 bpmIBI=0 fused=0 valid=NO
2026-08-25T00:52:17.338,3024,RAW_LINE,,,,,,,,,,,,,,,,,,,,,,,,,,,,[PULSE] #4 state=ACQUIRING bpmIBI=0 ibi=731 accepted=NO peak=88.6 prom=113.4
2026-08-25T00:52:17.820,3505,RAW_LINE,,,,,,,,,,,,,,,,,,,,,,,,,,,,[SIGNAL] state=ACQUIRING contact=YES motion=NO raw=2216 dc=2249.0 ac=-27.5 ppg=-20.4 env=20.0 noise=2.5 snr=6.60 bpmIBI=0 fused=0 valid=NO
2026-08-25T00:52:18.038,3724,RAW_LINE,,,,,,,,,,,,,,,,,,,,,,,,,,,,[PULSE] #5 state=ACQUIRING bpmIBI=0 ibi=690 accepted=NO peak=63.1 prom=93.0
2026-08-25T00:52:18.320,4005,RAW_LINE,,,,,,,,,,,,,,,,,,,,,,,,,,,,[SIGNAL] state=ACQUIRING contact=YES motion=NO raw=2236 dc=2249.0 ac=-18.4 ppg=-19.0 env=29.6 noise=3.3 snr=7.74 bpmIBI=0 fused=0 valid=NO
2026-08-25T00:52:18.729,4414,RAW_LINE,,,,,,,,,,,,,,,,,,,,,,,,,,,,[PULSE] #6 state=ACQUIRING bpmIBI=0 ibi=690 accepted=NO peak=80.4 prom=123.1
2026-08-25T00:52:18.821,4507,RAW_LINE,,,,,,,,,,,,,,,,,,,,,,,,,,,,[SIGNAL] state=ACQUIRING contact=YES motion=NO raw=2235 dc=2252.8 ac=-5.1 ppg=+0.3 env=34.3 noise=6.1 snr=5.23 bpmIBI=0 fused=0 valid=NO
2026-08-25T00:52:19.320,5006,RAW_LINE,,,,,,,,,,,,,,,,,,,,,,,,,,,,[SIGNAL] state=ACQUIRING contact=YES motion=NO raw=2358 dc=2255.1 ac=+84.4 ppg=+45.2 env=23.7 noise=5.2 snr=4.17 bpmIBI=0 fused=0 valid=NO
2026-08-25T00:52:19.400,5085,RAW_LINE,,,,,,,,,,,,,,,,,,,,,,,,,,,,[PULSE] #7 state=TRACKING bpmIBI=0 ibi=671 accepted=YES peak=93.6 prom=110.3
2026-08-25T00:52:19.823,5509,RAW_LINE,,,,,,,,,,,,,,,,,,,,,,,,,,,,[SIGNAL] state=TRACKING contact=YES motion=NO raw=2234 dc=2261.0 ac=-19.1 ppg=-30.0 env=24.3 noise=2.4 snr=8.28 bpmIBI=86 fused=86 valid=YES
2026-08-25T00:52:19.937,5620,HYBRID,86,79,1x,86,62,86.0,1x,86,87,26,6.9,0.73,--,86,71,2,1,0,0,141.0,130,44482,44482,1703,2218,210,11,[HYBRID] IBI=86 Q=79 REL=1x | CORR=86 Q=62 R=0.90 REL=1x | SPEC=86 RAW=87 Q=26 DOM=6.9 H2=0.73 REL=-- | FUSED=86 Q=71 METHODS=2 VALID=YES HARMONIC=NO RESOLVED=NO SCORE=141.0 SAMPLES=130 CPU=44482us MAXCPU=44482us SLICE=1703us MAXSLICE=2218us CYCLE=210ms GAPMAX=11ms
2026-08-25T00:52:20.030,5716,RAW_LINE,,,,,,,,,,,,,,,,,,,,,,,,,,,,[PULSE] #8 state=TRACKING bpmIBI=86 ibi=630 accepted=YES peak=86.2 prom=107.9
2026-08-25T00:52:20.331,6017,RAW_LINE,,,,,,,,,,,,,,,,,,,,,,,,,,,,[SIGNAL] state=TRACKING contact=YES motion=NO raw=2266 dc=2264.1 ac=-1.9 ppg=-13.4 env=26.2 noise=3.7 snr=6.23 bpmIBI=88 fused=87 valid=YES
2026-08-25T00:52:20.680,6366,RAW_LINE,,,,,,,,,,,,,,,,,,,,,,,,,,,,[PULSE] #9 state=TRACKING bpmIBI=88 ibi=650 accepted=YES peak=70.7 prom=107.2
2026-08-25T00:52:20.834,6520,RAW_LINE,,,,,,,,,,,,,,,,,,,,,,,,,,,,[SIGNAL] state=TRACKING contact=YES motion=NO raw=2215 dc=2264.6 ac=-50.5 ppg=-40.9 env=32.7 noise=5.9 snr=5.12 bpmIBI=89 fused=89 valid=YES
2026-08-25T00:52:20.975,6661,HYBRID,89,78,1x,88,67,88.0,1x,87,87,41,8.5,0.55,1x,88,70,3,1,0,0,180.1,156,53662,53662,1628,2340,251,11,[HYBRID] IBI=89 Q=78 REL=1x | CORR=88 Q=67 R=0.83 REL=1x | SPEC=87 RAW=87 Q=41 DOM=8.5 H2=0.55 REL=1x | FUSED=88 Q=70 METHODS=3 VALID=YES HARMONIC=NO RESOLVED=NO SCORE=180.1 SAMPLES=156 CPU=53662us MAXCPU=53662us SLICE=1628us MAXSLICE=2340us CYCLE=251ms GAPMAX=11ms
2026-08-25T00:52:21.342,7028,RAW_LINE,,,,,,,,,,,,,,,,,,,,,,,,,,,,[SIGNAL] state=TRACKING contact=YES motion=NO raw=2318 dc=2265.9 ac=+71.1 ppg=+61.3 env=39.9 noise=4.2 snr=8.58 bpmIBI=89 fused=88 valid=YES
2026-08-25T00:52:21.351,7037,RAW_LINE,,,,,,,,,,,,,,,,,,,,,,,,,,,,[PULSE] #10 state=TRACKING bpmIBI=89 ibi=671 accepted=YES peak=81.8 prom=136.0
2026-08-25T00:52:21.844,7530,RAW_LINE,,,,,,,,,,,,,,,,,,,,,,,,,,,,[SIGNAL] state=TRACKING contact=YES motion=NO raw=2236 dc=2261.2 ac=-26.7 ppg=-15.8 env=23.9 noise=2.1 snr=9.29 bpmIBI=89 fused=88 valid=YES
2026-08-25T00:52:22.026,7712,HYBRID,89,77,1x,88,79,88.0,1x,88,89,52,9.2,0.49,1x,88,78,3,1,0,0,202.8,182,62956,62956,1846,2365,300,11,[HYBRID] IBI=89 Q=77 REL=1x | CORR=88 Q=79 R=0.84 REL=1x | SPEC=88 RAW=89 Q=52 DOM=9.2 H2=0.49 REL=1x | FUSED=88 Q=78 METHODS=3 VALID=YES HARMONIC=NO RESOLVED=NO SCORE=202.8 SAMPLES=182 CPU=62956us MAXCPU=62956us SLICE=1846us MAXSLICE=2365us CYCLE=300ms GAPMAX=11ms
2026-08-25T00:52:22.031,7717,RAW_LINE,,,,,,,,,,,,,,,,,,,,,,,,,,,,[PULSE] #11 state=TRACKING bpmIBI=89 ibi=690 accepted=YES peak=73.6 prom=113.1
2026-08-25T00:52:22.352,8038,RAW_LINE,,,,,,,,,,,,,,,,,,,,,,,,,,,,[SIGNAL] state=TRACKING contact=YES motion=NO raw=2252 dc=2263.0 ac=-4.4 ppg=-3.3 env=24.4 noise=3.7 snr=5.82 bpmIBI=90 fused=89 valid=YES
2026-08-25T00:52:22.783,8469,RAW_LINE,,,,,,,,,,,,,,,,,,,,,,,,,,,,[PULSE] #12 state=TRACKING bpmIBI=90 ibi=740 accepted=YES peak=81.3 prom=122.4
2026-08-25T00:52:22.855,8541,RAW_LINE,,,,,,,,,,,,,,,,,,,,,,,,,,,,[SIGNAL] state=TRACKING contact=YES motion=NO raw=2239 dc=2265.4 ac=+4.3 ppg=+16.4 env=37.1 noise=6.2 snr=5.53 bpmIBI=89 fused=88 valid=YES
2026-08-25T00:52:23.085,8771,HYBRID,89,79,1x,88,91,88.0,1x,89,89,69,10.3,0.47,1x,89,88,3,1,0,0,235.4,200,72229,72229,698,2453,361,11,[HYBRID] IBI=89 Q=79 REL=1x | CORR=88 Q=91 R=0.84 REL=1x | SPEC=89 RAW=89 Q=69 DOM=10.3 H2=0.47 REL=1x | FUSED=89 Q=88 METHODS=3 VALID=YES HARMONIC=NO RESOLVED=NO SCORE=235.4 SAMPLES=200 CPU=72229us MAXCPU=72229us SLICE=698us MAXSLICE=2453us CYCLE=361ms GAPMAX=11ms
2026-08-25T00:52:23.363,9049,RAW_LINE,,,,,,,,,,,,,,,,,,,,,,,,,,,,[SIGNAL] state=TRACKING contact=YES motion=NO raw=2266 dc=2258.7 ac=-9.7 ppg=-5.9 env=28.2 noise=2.9 snr=8.30 bpmIBI=89 fused=89 valid=YES
2026-08-25T00:52:23.502,9188,RAW_LINE,,,,,,,,,,,,,,,,,,,,,,,,,,,,[PULSE] #13 state=TRACKING bpmIBI=89 ibi=721 accepted=YES peak=59.0 prom=98.3
2026-08-25T00:52:23.865,9551,RAW_LINE,,,,,,,,,,,,,,,,,,,,,,,,,,,,[SIGNAL] state=TRACKING contact=YES motion=NO raw=2232 dc=2257.5 ac=-22.3 ppg=-5.1 env=28.4 noise=3.1 snr=7.89 bpmIBI=88 fused=88 valid=YES
2026-08-25T00:52:24.086,9771,HYBRID,88,79,1x,87,87,87.0,1x,90,89,68,10.2,0.49,1x,88,85,3,1,0,0,225.1,200,72176,72229,703,2453,360,11,[HYBRID] IBI=88 Q=79 REL=1x | CORR=87 Q=87 R=0.82 REL=1x | SPEC=90 RAW=89 Q=68 DOM=10.2 H2=0.49 REL=1x | FUSED=88 Q=85 METHODS=3 VALID=YES HARMONIC=NO RESOLVED=NO SCORE=225.1 SAMPLES=200 CPU=72176us MAXCPU=72229us SLICE=703us MAXSLICE=2453us CYCLE=360ms GAPMAX=11ms
2026-08-25T00:52:24.222,9908,RAW_LINE,,,,,,,,,,,,,,,,,,,,,,,,,,,,[PULSE] #14 state=TRACKING bpmIBI=88 ibi=730 accepted=YES peak=81.3 prom=132.2
2026-08-25T00:52:24.373,10059,RAW_LINE,,,,,,,,,,,,,,,,,,,,,,,,,,,,[SIGNAL] state=TRACKING contact=YES motion=NO raw=2233 dc=2259.6 ac=-31.4 ppg=-29.5 env=34.3 noise=5.5 snr=5.75 bpmIBI=87 fused=88 valid=YES
2026-08-25T00:52:24.876,10562,RAW_LINE,,,,,,,,,,,,,,,,,,,,,,,,,,,,[SIGNAL] state=TRACKING contact=YES motion=NO raw=2361 dc=2261.2 ac=+94.7 ppg=+54.9 env=26.8 noise=5.9 snr=4.18 bpmIBI=87 fused=88 valid=YES
2026-08-25T00:52:24.935,10621,RAW_LINE,,,,,,,,,,,,,,,,,,,,,,,,,,,,[PULSE] #15 state=TRACKING bpmIBI=87 ibi=691 accepted=YES peak=95.3 prom=128.5
2026-08-25T00:52:25.087,10773,HYBRID,86,76,1x,87,86,87.0,1x,89,89,61,9.3,0.41,1x,87,81,3,1,0,0,212.1,200,72239,72239,730,2453,361,11,[HYBRID] IBI=86 Q=76 REL=1x | CORR=87 Q=86 R=0.81 REL=1x | SPEC=89 RAW=89 Q=61 DOM=9.3 H2=0.41 REL=1x | FUSED=87 Q=81 METHODS=3 VALID=YES HARMONIC=NO RESOLVED=NO SCORE=212.1 SAMPLES=200 CPU=72239us MAXCPU=72239us SLICE=730us MAXSLICE=2453us CYCLE=361ms GAPMAX=11ms
2026-08-25T00:52:25.384,11070,RAW_LINE,,,,,,,,,,,,,,,,,,,,,,,,,,,,[SIGNAL] state=TRACKING contact=YES motion=NO raw=2233 dc=2261.2 ac=-23.2 ppg=-16.6 env=19.9 noise=2.7 snr=6.13 bpmIBI=86 fused=87 valid=YES
2026-08-25T00:52:25.683,11369,RAW_LINE,,,,,,,,,,,,,,,,,,,,,,,,,,,,[PULSE] #16 state=TRACKING bpmIBI=86 ibi=750 accepted=YES peak=83.5 prom=110.9
2026-08-25T00:52:25.886,11572,RAW_LINE,,,,,,,,,,,,,,,,,,,,,,,,,,,,[SIGNAL] state=TRACKING contact=YES motion=NO raw=2249 dc=2264.3 ac=-19.2 ppg=-30.1 env=30.0 noise=4.3 snr=6.24 bpmIBI=84 fused=86 valid=YES
2026-08-25T00:52:26.087,11773,HYBRID,84,78,1x,86,83,86.0,1x,87,87,56,8.8,0.37,1x,86,79,3,1,0,0,208.4,200,72199,72239,731,2453,360,11,[HYBRID] IBI=84 Q=78 REL=1x | CORR=86 Q=83 R=0.79 REL=1x | SPEC=87 RAW=87 Q=56 DOM=8.8 H2=0.37 REL=1x | FUSED=86 Q=79 METHODS=3 VALID=YES HARMONIC=NO RESOLVED=NO SCORE=208.4 SAMPLES=200 CPU=72199us MAXCPU=72239us SLICE=731us MAXSLICE=2453us CYCLE=360ms GAPMAX=11ms
2026-08-25T00:52:26.394,12080,RAW_LINE,,,,,,,,,,,,,,,,,,,,,,,,,,,,[SIGNAL] state=TRACKING contact=YES motion=NO raw=2359 dc=2265.2 ac=+83.6 ppg=+57.0 env=30.7 noise=5.8 snr=4.86 bpmIBI=84 fused=86 valid=YES
2026-08-25T00:52:26.433,12119,RAW_LINE,,,,,,,,,,,,,,,,,,,,,,,,,,,,[PULSE] #17 state=TRACKING bpmIBI=84 ibi=760 accepted=YES peak=83.6 prom=111.6
2026-08-25T00:52:26.897,12583,RAW_LINE,,,,,,,,,,,,,,,,,,,,,,,,,,,,[SIGNAL] state=TRACKING contact=YES motion=NO raw=2236 dc=2263.1 ac=-26.7 ppg=-17.9 env=22.3 noise=2.4 snr=7.68 bpmIBI=83 fused=85 valid=YES
2026-08-25T00:52:27.088,12773,HYBRID,83,79,1x,85,82,85.0,1x,85,85,63,9.6,0.53,1x,84,82,3,1,0,0,217.5,200,72205,72239,700,2453,361,11,[HYBRID] IBI=83 Q=79 REL=1x | CORR=85 Q=82 R=0.78 REL=1x | SPEC=85 RAW=85 Q=63 DOM=9.6 H2=0.53 REL=1x | FUSED=84 Q=82 METHODS=3 VALID=YES HARMONIC=NO RESOLVED=NO SCORE=217.5 SAMPLES=200 CPU=72205us MAXCPU=72239us SLICE=700us MAXSLICE=2453us CYCLE=361ms GAPMAX=11ms
2026-08-25T00:52:27.174,12860,RAW_LINE,,,,,,,,,,,,,,,,,,,,,,,,,,,,[PULSE] #18 state=TRACKING bpmIBI=83 ibi=751 accepted=YES peak=79.6 prom=109.0
2026-08-25T00:52:27.405,13091,RAW_LINE,,,,,,,,,,,,,,,,,,,,,,,,,,,,[SIGNAL] state=TRACKING contact=YES motion=NO raw=2240 dc=2263.3 ac=-30.7 ppg=-33.0 env=36.5 noise=4.4 snr=7.51 bpmIBI=82 fused=84 valid=YES
2026-08-25T00:52:27.896,13582,RAW_LINE,,,,,,,,,,,,,,,,,,,,,,,,,,,,[PULSE] #19 state=TRACKING bpmIBI=82 ibi=710 accepted=YES peak=81.0 prom=128.4
2026-08-25T00:52:27.907,13593,RAW_LINE,,,,,,,,,,,,,,,,,,,,,,,,,,,,[SIGNAL] state=TRACKING contact=YES motion=NO raw=2297 dc=2264.2 ac=+55.4 ppg=+59.5 env=44.2 noise=5.2 snr=7.73 bpmIBI=82 fused=84 valid=YES
2026-08-25T00:52:28.088,13774,HYBRID,82,82,1x,84,94,84.0,1x,83,83,79,11.5,0.55,1x,83,92,3,1,0,0,244.9,200,72212,72239,680,2453,360,11,[HYBRID] IBI=82 Q=82 REL=1x | CORR=84 Q=94 R=0.86 REL=1x | SPEC=83 RAW=83 Q=79 DOM=11.5 H2=0.55 REL=1x | FUSED=83 Q=92 METHODS=3 VALID=YES HARMONIC=NO RESOLVED=NO SCORE=244.9 SAMPLES=200 CPU=72212us MAXCPU=72239us SLICE=680us MAXSLICE=2453us CYCLE=360ms GAPMAX=11ms
2026-08-25T00:52:28.415,14101,RAW_LINE,,,,,,,,,,,,,,,,,,,,,,,,,,,,[SIGNAL] state=TRACKING contact=YES motion=NO raw=2238 dc=2260.4 ac=-24.6 ppg=-16.8 env=21.7 noise=1.7 snr=10.05 bpmIBI=82 fused=83 valid=YES
2026-08-25T00:52:28.614,14300,RAW_LINE,,,,,,,,,,,,,,,,,,,,,,,,,,,,[PULSE] #20 state=TRACKING bpmIBI=82 ibi=710 accepted=YES peak=82.4 prom=109.2
2026-08-25T00:52:28.918,14604,RAW_LINE,,,,,,,,,,,,,,,,,,,,,,,,,,,,[SIGNAL] state=TRACKING contact=YES motion=NO raw=2254 dc=2264.8 ac=-6.0 ppg=-11.6 env=22.3 noise=3.1 snr=6.22 bpmIBI=82 fused=83 valid=YES
2026-08-25T00:52:29.089,14774,HYBRID,82,80,1x,83,100,83.0,1x,82,83,78,11.3,0.69,1x,82,95,3,1,0,0,253.7,200,72161,72239,681,2453,361,11,[HYBRID] IBI=82 Q=80 REL=1x | CORR=83 Q=100 R=0.93 REL=1x | SPEC=82 RAW=83 Q=78 DOM=11.3 H2=0.69 REL=1x | FUSED=82 Q=95 METHODS=3 VALID=YES HARMONIC=NO RESOLVED=NO SCORE=253.7 SAMPLES=200 CPU=72161us MAXCPU=72239us SLICE=681us MAXSLICE=2453us CYCLE=361ms GAPMAX=11ms
2026-08-25T00:52:29.375,15061,RAW_LINE,,,,,,,,,,,,,,,,,,,,,,,,,,,,[PULSE] #21 state=TRACKING bpmIBI=82 ibi=761 accepted=YES peak=82.5 prom=113.5
2026-08-25T00:52:29.426,15112,RAW_LINE,,,,,,,,,,,,,,,,,,,,,,,,,,,,[SIGNAL] state=TRACKING contact=YES motion=NO raw=2256 dc=2267.7 ac=+19.1 ppg=+25.9 env=39.3 noise=5.7 snr=6.32 bpmIBI=82 fused=82 valid=YES
2026-08-25T00:52:29.928,15614,RAW_LINE,,,,,,,,,,,,,,,,,,,,,,,,,,,,[SIGNAL] state=TRACKING contact=YES motion=NO raw=2238 dc=2262.3 ac=-23.9 ppg=-10.5 env=24.3 noise=2.4 snr=8.43 bpmIBI=82 fused=82 valid=YES
2026-08-25T00:52:30.088,15774,HYBRID,82,77,1x,82,100,82.0,1x,82,81,79,11.5,0.67,1x,82,95,3,1,0,0,256.0,200,72078,72239,680,2454,360,11,[HYBRID] IBI=82 Q=77 REL=1x | CORR=82 Q=100 R=0.94 REL=1x | SPEC=82 RAW=81 Q=79 DOM=11.5 H2=0.67 REL=1x | FUSED=82 Q=95 METHODS=3 VALID=YES HARMONIC=NO RESOLVED=NO SCORE=256.0 SAMPLES=200 CPU=72078us MAXCPU=72239us SLICE=680us MAXSLICE=2454us CYCLE=360ms GAPMAX=11ms
2026-08-25T00:52:30.125,15811,RAW_LINE,,,,,,,,,,,,,,,,,,,,,,,,,,,,[PULSE] #22 state=TRACKING bpmIBI=82 ibi=760 accepted=YES peak=86.7 prom=123.9
2026-08-25T00:52:30.436,16122,RAW_LINE,,,,,,,,,,,,,,,,,,,,,,,,,,,,[SIGNAL] state=TRACKING contact=YES motion=NO raw=2255 dc=2266.6 ac=-7.7 ppg=-12.7 env=24.7 noise=3.3 snr=6.43 bpmIBI=81 fused=82 valid=YES
2026-08-25T00:52:30.878,16564,RAW_LINE,,,,,,,,,,,,,,,,,,,,,,,,,,,,[PULSE] #23 state=TRACKING bpmIBI=81 ibi=761 accepted=YES peak=59.9 prom=91.0
2026-08-25T00:52:30.939,16625,RAW_LINE,,,,,,,,,,,,,,,,,,,,,,,,,,,,[SIGNAL] state=TRACKING contact=YES motion=NO raw=2250 dc=2267.3 ac=+7.9 ppg=+20.8 env=30.4 noise=4.9 snr=5.62 bpmIBI=81 fused=82 valid=YES
2026-08-25T00:52:31.089,16775,HYBRID,81,81,1x,82,100,82.0,1x,81,81,82,11.8,0.66,1x,81,96,3,1,0,0,258.7,200,72197,72239,675,2454,361,11,[HYBRID] IBI=81 Q=81 REL=1x | CORR=82 Q=100 R=0.93 REL=1x | SPEC=81 RAW=81 Q=82 DOM=11.8 H2=0.66 REL=1x | FUSED=81 Q=96 METHODS=3 VALID=YES HARMONIC=NO RESOLVED=NO SCORE=258.7 SAMPLES=200 CPU=72197us MAXCPU=72239us SLICE=675us MAXSLICE=2454us CYCLE=361ms GAPMAX=11ms
2026-08-25T00:52:31.447,17133,RAW_LINE,,,,,,,,,,,,,,,,,,,,,,,,,,,,[SIGNAL] state=TRACKING contact=YES motion=NO raw=2263 dc=2259.9 ac=-18.7 ppg=-8.2 env=27.7 noise=2.4 snr=9.51 bpmIBI=81 fused=81 valid=YES
2026-08-25T00:52:31.626,17312,RAW_LINE,,,,,,,,,,,,,,,,,,,,,,,,,,,,[PULSE] #24 state=TRACKING bpmIBI=81 ibi=740 accepted=YES peak=77.3 prom=124.4
2026-08-25T00:52:31.949,17635,RAW_LINE,,,,,,,,,,,,,,,,,,,,,,,,,,,,[SIGNAL] state=TRACKING contact=YES motion=NO raw=2265 dc=2263.4 ac=-0.3 ppg=-1.9 env=23.1 noise=3.2 snr=6.25 bpmIBI=81 fused=81 valid=YES
2026-08-25T00:52:32.090,17776,HYBRID,81,81,1x,81,100,81.0,1x,81,81,82,11.8,0.65,1x,81,98,3,1,0,0,263.0,200,72043,72239,675,2454,360,11,[HYBRID] IBI=81 Q=81 REL=1x | CORR=81 Q=100 R=0.92 REL=1x | SPEC=81 RAW=81 Q=82 DOM=11.8 H2=0.65 REL=1x | FUSED=81 Q=98 METHODS=3 VALID=YES HARMONIC=NO RESOLVED=NO SCORE=263.0 SAMPLES=200 CPU=72043us MAXCPU=72239us SLICE=675us MAXSLICE=2454us CYCLE=360ms GAPMAX=11ms
2026-08-25T00:52:32.366,18052,RAW_LINE,,,,,,,,,,,,,,,,,,,,,,,,,,,,[PULSE] #25 state=TRACKING bpmIBI=81 ibi=740 accepted=YES peak=92.6 prom=128.1
2026-08-25T00:52:32.457,18143,RAW_LINE,,,,,,,,,,,,,,,,,,,,,,,,,,,,[SIGNAL] state=TRACKING contact=YES motion=NO raw=2235 dc=2267.3 ac=-7.5 ppg=-0.8 env=37.6 noise=6.8 snr=5.18 bpmIBI=81 fused=81 valid=YES
2026-08-25T00:52:32.960,18646,RAW_LINE,,,,,,,,,,,,,,,,,,,,,,,,,,,,[SIGNAL] state=TRACKING contact=YES motion=NO raw=2252 dc=2262.6 ac=-19.9 ppg=-12.3 env=22.7 noise=1.8 snr=9.64 bpmIBI=81 fused=81 valid=YES
2026-08-25T00:52:33.092,18777,HYBRID,81,80,1x,81,100,81.0,1x,81,81,81,11.8,0.64,1x,81,97,3,1,0,0,261.0,200,72070,72239,679,2454,361,11,[HYBRID] IBI=81 Q=80 REL=1x | CORR=81 Q=100 R=0.93 REL=1x | SPEC=81 RAW=81 Q=81 DOM=11.8 H2=0.64 REL=1x | FUSED=81 Q=97 METHODS=3 VALID=YES HARMONIC=NO RESOLVED=NO SCORE=261.0 SAMPLES=200 CPU=72070us MAXCPU=72239us SLICE=679us MAXSLICE=2454us CYCLE=361ms GAPMAX=11ms
2026-08-25T00:52:33.137,18823,RAW_LINE,,,,,,,,,,,,,,,,,,,,,,,,,,,,[PULSE] #26 state=TRACKING bpmIBI=81 ibi=771 accepted=YES peak=80.6 prom=109.9
2026-08-25T00:52:33.468,19154,RAW_LINE,,,,,,,,,,,,,,,,,,,,,,,,,,,,[SIGNAL] state=TRACKING contact=YES motion=NO raw=2264 dc=2266.6 ac=-0.9 ppg=-4.9 env=21.5 noise=2.8 snr=6.58 bpmIBI=80 fused=81 valid=YES
2026-08-25T00:52:33.909,19595,RAW_LINE,,,,,,,,,,,,,,,,,,,,,,,,,,,,[PULSE] #27 state=TRACKING bpmIBI=80 ibi=770 accepted=YES peak=85.6 prom=116.4
2026-08-25T00:52:33.970,19656,RAW_LINE,,,,,,,,,,,,,,,,,,,,,,,,,,,,[SIGNAL] state=TRACKING contact=YES motion=NO raw=2251 dc=2269.1 ac=+12.8 ppg=+24.7 env=39.4 noise=6.3 snr=5.76 bpmIBI=79 fused=80 valid=YES
2026-08-25T00:52:34.091,19776,HYBRID,79,84,1x,81,100,81.0,1x,81,81,81,11.7,0.67,1x,80,96,3,1,0,0,257.7,200,72231,72239,683,2454,360,11,[HYBRID] IBI=79 Q=84 REL=1x | CORR=81 Q=100 R=0.93 REL=1x | SPEC=81 RAW=81 Q=81 DOM=11.7 H2=0.67 REL=1x | FUSED=80 Q=96 METHODS=3 VALID=YES HARMONIC=NO RESOLVED=NO SCORE=257.7 SAMPLES=200 CPU=72231us MAXCPU=72239us SLICE=683us MAXSLICE=2454us CYCLE=360ms GAPMAX=11ms
2026-08-25T00:52:34.478,20164,RAW_LINE,,,,,,,,,,,,,,,,,,,,,,,,,,,,[SIGNAL] state=TRACKING contact=YES motion=NO raw=2239 dc=2263.5 ac=-23.8 ppg=-12.6 env=23.5 noise=1.3 snr=12.82 bpmIBI=79 fused=80 valid=YES
2026-08-25T00:52:34.697,20383,RAW_LINE,,,,,,,,,,,,,,,,,,,,,,,,,,,,[PULSE] #28 state=TRACKING bpmIBI=79 ibi=800 accepted=YES peak=74.8 prom=106.2
2026-08-25T00:52:34.981,20667,RAW_LINE,,,,,,,,,,,,,,,,,,,,,,,,,,,,[SIGNAL] state=TRACKING contact=YES motion=NO raw=2265 dc=2266.7 ac=-8.8 ppg=-16.0 env=25.8 noise=3.0 snr=7.29 bpmIBI=79 fused=80 valid=YES
2026-08-25T00:52:35.092,20777,HYBRID,79,83,1x,80,100,80.0,1x,80,81,77,11.3,0.7,1x,80,94,3,1,0,0,252.2,200,72171,72239,691,2454,361,11,[HYBRID] IBI=79 Q=83 REL=1x | CORR=80 Q=100 R=0.93 REL=1x | SPEC=80 RAW=81 Q=77 DOM=11.3 H2=0.70 REL=1x | FUSED=80 Q=94 METHODS=3 VALID=YES HARMONIC=NO RESOLVED=NO SCORE=252.2 SAMPLES=200 CPU=72171us MAXCPU=72239us SLICE=691us MAXSLICE=2454us CYCLE=361ms GAPMAX=11ms
2026-08-25T00:52:35.418,21104,RAW_LINE,,,,,,,,,,,,,,,,,,,,,,,,,,,,[PULSE] #29 state=TRACKING bpmIBI=79 ibi=711 accepted=YES peak=58.9 prom=101.9
2026-08-25T00:52:35.489,21175,RAW_LINE,,,,,,,,,,,,,,,,,,,,,,,,,,,,[SIGNAL] state=TRACKING contact=YES motion=NO raw=2232 dc=2265.6 ac=-11.7 ppg=+8.7 env=30.0 noise=5.7 snr=4.87 bpmIBI=79 fused=80 valid=YES
2026-08-25T00:52:35.991,21676,RAW_LINE,,,,,,,,,,,,,,,,,,,,,,,,,,,,[SIGNAL] state=TRACKING contact=YES motion=NO raw=2294 dc=2260.3 ac=+4.6 ppg=+2.1 env=22.7 noise=3.1 snr=6.26 bpmIBI=79 fused=80 valid=YES
2026-08-25T00:52:36.093,21778,HYBRID,79,79,1x,80,100,80.0,1x,79,79,77,11.2,0.72,1x,79,94,3,1,0,0,251.6,200,72165,72239,683,2454,360,11,[HYBRID] IBI=79 Q=79 REL=1x | CORR=80 Q=100 R=0.94 REL=1x | SPEC=79 RAW=79 Q=77 DOM=11.2 H2=0.72 REL=1x | FUSED=79 Q=94 METHODS=3 VALID=YES HARMONIC=NO RESOLVED=NO SCORE=251.6 SAMPLES=200 CPU=72165us MAXCPU=72239us SLICE=683us MAXSLICE=2454us CYCLE=360ms GAPMAX=11ms
2026-08-25T00:52:36.138,21824,RAW_LINE,,,,,,,,,,,,,,,,,,,,,,,,,,,,[PULSE] #30 state=TRACKING bpmIBI=79 ibi=710 accepted=YES peak=87.6 prom=130.1
2026-08-25T00:52:36.499,22185,RAW_LINE,,,,,,,,,,,,,,,,,,,,,,,,,,,,[SIGNAL] state=TRACKING contact=YES motion=NO raw=2251 dc=2264.2 ac=-9.4 ppg=-7.3 env=20.3 noise=2.7 snr=6.26 bpmIBI=80 fused=80 valid=YES
2026-08-25T00:52:36.820,22506,RAW_LINE,,,,,,,,,,,,,,,,,,,,,,,,,,,,[PULSE] #31 state=TRACKING bpmIBI=80 ibi=680 accepted=YES peak=84.5 prom=112.7
2026-08-25T00:52:37.002,22688,RAW_LINE,,,,,,,,,,,,,,,,,,,,,,,,,,,,[SIGNAL] state=TRACKING contact=YES motion=NO raw=2249 dc=2267.8 ac=-19.7 ppg=-30.6 env=30.6 noise=4.3 snr=6.31 bpmIBI=81 fused=80 valid=YES
2026-08-25T00:52:37.093,22779,HYBRID,81,75,1x,80,100,80.0,1x,79,79,74,10.9,0.73,1x,80,89,3,1,0,0,238.3,200,72175,72239,693,2454,361,11,[HYBRID] IBI=81 Q=75 REL=1x | CORR=80 Q=100 R=0.91 REL=1x | SPEC=79 RAW=79 Q=74 DOM=10.9 H2=0.73 REL=1x | FUSED=80 Q=89 METHODS=3 VALID=YES HARMONIC=NO RESOLVED=NO SCORE=238.3 SAMPLES=200 CPU=72175us MAXCPU=72239us SLICE=693us MAXSLICE=2454us CYCLE=361ms GAPMAX=11ms
2026-08-25T00:52:37.510,23196,RAW_LINE,,,,,,,,,,,,,,,,,,,,,,,,,,,,[SIGNAL] state=TRACKING contact=YES motion=NO raw=2335 dc=2271.0 ac=+81.2 ppg=+63.6 env=39.5 noise=4.8 snr=7.50 bpmIBI=81 fused=80 valid=YES
2026-08-25T00:52:37.519,23205,RAW_LINE,,,,,,,,,,,,,,,,,,,,,,,,,,,,[PULSE] #32 state=TRACKING bpmIBI=81 ibi=721 accepted=YES peak=91.1 prom=114.8
2026-08-25T00:52:38.012,23698,RAW_LINE,,,,,,,,,,,,,,,,,,,,,,,,,,,,[SIGNAL] state=TRACKING contact=YES motion=NO raw=2238 dc=2268.0 ac=-24.3 ppg=-16.4 env=21.4 noise=3.1 snr=5.90 bpmIBI=81 fused=80 valid=YES
2026-08-25T00:52:38.092,23778,HYBRID,81,72,1x,81,92,81.0,1x,80,79,67,10.1,0.68,1x,81,86,3,1,0,0,228.1,200,72157,72239,692,2454,360,11,[HYBRID] IBI=81 Q=72 REL=1x | CORR=81 Q=92 R=0.85 REL=1x | SPEC=80 RAW=79 Q=67 DOM=10.1 H2=0.68 REL=1x | FUSED=81 Q=86 METHODS=3 VALID=YES HARMONIC=NO RESOLVED=NO SCORE=228.1 SAMPLES=200 CPU=72157us MAXCPU=72239us SLICE=692us MAXSLICE=2454us CYCLE=360ms GAPMAX=11ms
2026-08-25T00:52:38.219,23905,RAW_LINE,,,,,,,,,,,,,,,,,,,,,,,,,,,,[PULSE] #33 state=TRACKING bpmIBI=81 ibi=700 accepted=YES peak=80.9 prom=109.5
2026-08-25T00:52:38.520,24206,RAW_LINE,,,,,,,,,,,,,,,,,,,,,,,,,,,,[SIGNAL] state=TRACKING contact=YES motion=NO raw=2250 dc=2269.1 ac=-16.7 ppg=-13.9 env=31.5 noise=3.7 snr=7.41 bpmIBI=83 fused=81 valid=YES
2026-08-25T00:52:38.912,24598,RAW_LINE,,,,,,,,,,,,,,,,,,,,,,,,,,,,[PULSE] #34 state=TRACKING bpmIBI=83 ibi=681 accepted=YES peak=79.3 prom=127.0
2026-08-25T00:52:39.023,24709,RAW_LINE,,,,,,,,,,,,,,,,,,,,,,,,,,,,[SIGNAL] state=TRACKING contact=YES motion=NO raw=2223 dc=2268.8 ac=-39.7 ppg=-20.0 env=36.4 noise=7.2 snr=4.70 bpmIBI=84 fused=82 valid=YES
2026-08-25T00:52:39.094,24780,HYBRID,84,78,1x,82,94,82.0,1x,81,81,63,9.6,0.48,1x,82,85,3,1,0,0,225.7,200,72197,72239,727,2454,361,11,[HYBRID] IBI=84 Q=78 REL=1x | CORR=82 Q=94 R=0.86 REL=1x | SPEC=81 RAW=81 Q=63 DOM=9.6 H2=0.48 REL=1x | FUSED=82 Q=85 METHODS=3 VALID=YES HARMONIC=NO RESOLVED=NO SCORE=225.7 SAMPLES=200 CPU=72197us MAXCPU=72239us SLICE=727us MAXSLICE=2454us CYCLE=361ms GAPMAX=11ms
2026-08-25T00:52:39.531,25217,RAW_LINE,,,,,,,,,,,,,,,,,,,,,,,,,,,,[SIGNAL] state=TRACKING contact=YES motion=NO raw=2346 dc=2265.1 ac=+46.8 ppg=+28.6 env=26.3 noise=4.7 snr=5.01 bpmIBI=84 fused=82 valid=YES
2026-08-25T00:52:39.640,25326,RAW_LINE,,,,,,,,,,,,,,,,,,,,,,,,,,,,[PULSE] #35 state=TRACKING bpmIBI=84 ibi=730 accepted=YES peak=91.6 prom=133.5
2026-08-25T00:52:40.033,25719,RAW_LINE,,,,,,,,,,,,,,,,,,,,,,,,,,,,[SIGNAL] state=TRACKING contact=YES motion=NO raw=2233 dc=2266.9 ac=-29.6 ppg=-19.6 env=26.3 noise=2.9 snr=7.75 bpmIBI=85 fused=83 valid=YES
2026-08-25T00:52:40.094,25779,HYBRID,85,84,1x,83,94,83.0,1x,83,83,65,9.8,0.42,1x,84,89,3,1,0,0,235.9,200,72145,72239,696,2454,360,11,[HYBRID] IBI=85 Q=84 REL=1x | CORR=83 Q=94 R=0.86 REL=1x | SPEC=83 RAW=83 Q=65 DOM=9.8 H2=0.42 REL=1x | FUSED=84 Q=89 METHODS=3 VALID=YES HARMONIC=NO RESOLVED=NO SCORE=235.9 SAMPLES=200 CPU=72145us MAXCPU=72239us SLICE=696us MAXSLICE=2454us CYCLE=360ms GAPMAX=11ms
2026-08-25T00:52:40.420,26106,RAW_LINE,,,,,,,,,,,,,,,,,,,,,,,,,,,,[PULSE] #36 state=TRACKING bpmIBI=85 ibi=780 accepted=YES peak=92.4 prom=125.5
2026-08-25T00:52:40.541,26227,RAW_LINE,,,,,,,,,,,,,,,,,,,,,,,,,,,,[SIGNAL] state=TRACKING contact=YES motion=NO raw=2247 dc=2270.4 ac=-21.8 ppg=-20.8 env=38.1 noise=6.3 snr=5.64 bpmIBI=84 fused=83 valid=YES
2026-08-25T00:52:41.044,26730,RAW_LINE,,,,,,,,,,,,,,,,,,,,,,,,,,,,[SIGNAL] state=TRACKING contact=YES motion=NO raw=2230 dc=2264.1 ac=-29.5 ppg=-11.4 env=28.9 noise=1.2 snr=17.31 bpmIBI=84 fused=83 valid=YES
2026-08-25T00:52:41.095,26780,HYBRID,84,82,1x,83,94,83.0,1x,85,85,74,10.8,0.57,1x,84,91,3,1,0,0,243.0,200,72151,72239,679,2454,361,11,[HYBRID] IBI=84 Q=82 REL=1x | CORR=83 Q=94 R=0.86 REL=1x | SPEC=85 RAW=85 Q=74 DOM=10.8 H2=0.57 REL=1x | FUSED=84 Q=91 METHODS=3 VALID=YES HARMONIC=NO RESOLVED=NO SCORE=243.0 SAMPLES=200 CPU=72151us MAXCPU=72239us SLICE=679us MAXSLICE=2454us CYCLE=361ms GAPMAX=11ms
2026-08-25T00:52:41.271,26957,RAW_LINE,,,,,,,,,,,,,,,,,,,,,,,,,,,,[PULSE] #37 state=TRACKING bpmIBI=84 ibi=861 accepted=YES peak=91.1 prom=125.6
2026-08-25T00:52:41.553,27238,RAW_LINE,,,,,,,,,,,,,,,,,,,,,,,,,,,,[SIGNAL] state=TRACKING contact=YES motion=NO raw=2253 dc=2268.0 ac=-12.5 ppg=-18.0 env=29.4 noise=3.5 snr=7.43 bpmIBI=82 fused=83 valid=YES
2026-08-25T00:52:42.054,27740,RAW_LINE,,,,,,,,,,,,,,,,,,,,,,,,,,,,[SIGNAL] state=TRACKING contact=YES motion=NO raw=2345 dc=2265.3 ac=+51.5 ppg=+34.8 env=22.6 noise=4.0 snr=5.02 bpmIBI=82 fused=83 valid=YES
2026-08-25T00:52:42.095,27781,HYBRID,82,71,1x,82,79,82.0,1x,84,85,68,10.2,0.57,1x,83,81,3,1,0,0,212.2,200,72216,72239,686,2454,360,11,[HYBRID] IBI=82 Q=71 REL=1x | CORR=82 Q=79 R=0.76 REL=1x | SPEC=84 RAW=85 Q=68 DOM=10.2 H2=0.57 REL=1x | FUSED=83 Q=81 METHODS=3 VALID=YES HARMONIC=NO RESOLVED=NO SCORE=212.2 SAMPLES=200 CPU=72216us MAXCPU=72239us SLICE=686us MAXSLICE=2454us CYCLE=360ms GAPMAX=11ms
2026-08-25T00:52:42.141,27827,RAW_LINE,,,,,,,,,,,,,,,,,,,,,,,,,,,,[PULSE] #38 state=TRACKING bpmIBI=82 ibi=860 accepted=YES peak=73.2 prom=109.7
2026-08-25T00:52:42.562,28248,RAW_LINE,,,,,,,,,,,,,,,,,,,,,,,,,,,,[SIGNAL] state=TRACKING contact=YES motion=NO raw=2217 dc=2262.7 ac=-42.9 ppg=-23.4 env=31.2 noise=2.2 snr=11.58 bpmIBI=79 fused=82 valid=YES
2026-08-25T00:52:42.924,28610,RAW_LINE,,,,,,,,,,,,,,,,,,,,,,,,,,,,[PULSE] #39 state=TRACKING bpmIBI=79 ibi=791 accepted=YES peak=65.6 prom=115.8
2026-08-25T00:52:43.065,28751,RAW_LINE,,,,,,,,,,,,,,,,,,,,,,,,,,,,[SIGNAL] state=TRACKING contact=YES motion=NO raw=2233 dc=2261.6 ac=-26.9 ppg=-14.3 env=32.6 noise=5.0 snr=5.97 bpmIBI=78 fused=81 valid=YES
2026-08-25T00:52:43.096,28782,HYBRID,78,69,1x,82,68,82.0,1x,82,83,49,7.9,0.42,1x,81,68,3,1,0,0,174.2,200,72282,72282,741,2455,361,11,[HYBRID] IBI=78 Q=69 REL=1x | CORR=82 Q=68 R=0.69 REL=1x | SPEC=82 RAW=83 Q=49 DOM=7.9 H2=0.42 REL=1x | FUSED=81 Q=68 METHODS=3 VALID=YES HARMONIC=NO RESOLVED=NO SCORE=174.2 SAMPLES=200 CPU=72282us MAXCPU=72282us SLICE=741us MAXSLICE=2455us CYCLE=361ms GAPMAX=11ms
2026-08-25T00:52:43.573,29259,RAW_LINE,,,,,,,,,,,,,,,,,,,,,,,,,,,,[SIGNAL] state=TRACKING contact=YES motion=NO raw=2300 dc=2257.8 ac=+14.1 ppg=+8.6 env=20.6 noise=2.8 snr=6.32 bpmIBI=78 fused=81 valid=YES
2026-08-25T00:52:43.712,29398,RAW_LINE,,,,,,,,,,,,,,,,,,,,,,,,,,,,[PULSE] #40 state=TRACKING bpmIBI=78 ibi=790 accepted=YES peak=79.9 prom=106.8
2026-08-25T00:52:44.075,29761,RAW_LINE,,,,,,,,,,,,,,,,,,,,,,,,,,,,[SIGNAL] state=TRACKING contact=YES motion=NO raw=2248 dc=2261.2 ac=-4.0 ppg=-3.0 env=20.0 noise=2.6 snr=6.40 bpmIBI=77 fused=79 valid=YES
2026-08-25T00:52:44.096,29782,HYBRID,77,72,1x,80,67,80.0,1x,79,79,42,7.0,0.11,1x,79,67,3,1,0,0,169.7,200,72212,72282,751,2455,360,11,[HYBRID] IBI=77 Q=72 REL=1x | CORR=80 Q=67 R=0.69 REL=1x | SPEC=79 RAW=79 Q=42 DOM=7.0 H2=0.11 REL=1x | FUSED=79 Q=67 METHODS=3 VALID=YES HARMONIC=NO RESOLVED=NO SCORE=169.7 SAMPLES=200 CPU=72212us MAXCPU=72282us SLICE=751us MAXSLICE=2455us CYCLE=360ms GAPMAX=11ms
2026-08-25T00:52:44.472,30158,RAW_LINE,,,,,,,,,,,,,,,,,,,,,,,,,,,,[PULSE] #41 state=TRACKING bpmIBI=77 ibi=750 accepted=YES peak=76.7 prom=103.4
2026-08-25T00:52:44.583,30269,RAW_LINE,,,,,,,,,,,,,,,,,,,,,,,,,,,,[SIGNAL] state=TRACKING contact=YES motion=NO raw=2233 dc=2263.5 ac=-17.0 ppg=-10.2 env=32.0 noise=5.7 snr=5.14 bpmIBI=76 fused=78 valid=YES
2026-08-25T00:52:45.086,30772,RAW_LINE,,,,,,,,,,,,,,,,,,,,,,,,,,,,[SIGNAL] state=TRACKING contact=YES motion=NO raw=2300 dc=2260.3 ac=+13.7 ppg=+1.7 env=19.2 noise=3.3 snr=5.08 bpmIBI=76 fused=78 valid=YES
2026-08-25T00:52:45.097,30783,HYBRID,76,75,1x,79,74,79.0,1x,75,75,58,9.0,0.29,1x,77,75,3,1,0,0,194.1,200,72196,72282,746,2455,361,11,[HYBRID] IBI=76 Q=75 REL=1x | CORR=79 Q=74 R=0.73 REL=1x | SPEC=75 RAW=75 Q=58 DOM=9.0 H2=0.29 REL=1x | FUSED=77 Q=75 METHODS=3 VALID=YES HARMONIC=NO RESOLVED=NO SCORE=194.1 SAMPLES=200 CPU=72196us MAXCPU=72282us SLICE=746us MAXSLICE=2455us CYCLE=361ms GAPMAX=11ms
2026-08-25T00:52:45.213,30899,RAW_LINE,,,,,,,,,,,,,,,,,,,,,,,,,,,,[PULSE] #42 state=TRACKING bpmIBI=76 ibi=741 accepted=YES peak=74.4 prom=103.4
2026-08-25T00:52:45.594,31280,RAW_LINE,,,,,,,,,,,,,,,,,,,,,,,,,,,,[SIGNAL] state=TRACKING contact=YES motion=NO raw=2238 dc=2262.9 ac=-12.9 ppg=-6.9 env=17.8 noise=2.8 snr=5.47 bpmIBI=75 fused=76 valid=YES
2026-08-25T00:52:45.915,31601,RAW_LINE,,,,,,,,,,,,,,,,,,,,,,,,,,,,[PULSE] #43 state=TRACKING bpmIBI=75 ibi=710 accepted=YES peak=49.6 prom=78.9
2026-08-25T00:52:46.097,31783,HYBRID,76,70,1x,78,79,78.0,1x,74,75,73,10.7,0.38,1x,76,79,3,1,0,0,208.0,200,72188,72282,712,2455,360,11,[HYBRID] IBI=76 Q=70 REL=1x | CORR=78 Q=79 R=0.76 REL=1x | SPEC=74 RAW=75 Q=73 DOM=10.7 H2=0.38 REL=1x | FUSED=76 Q=79 METHODS=3 VALID=YES HARMONIC=NO RESOLVED=NO SCORE=208.0 SAMPLES=200 CPU=72188us MAXCPU=72282us SLICE=712us MAXSLICE=2455us CYCLE=360ms GAPMAX=11ms
2026-08-25T00:52:46.098,31784,RAW_LINE,,,,,,,,,,,,,,,,,,,,,,,,,,,,[SIGNAL] state=TRACKING contact=YES motion=NO raw=2223 dc=2261.5 ac=-41.1 ppg=-34.2 env=28.6 noise=3.7 snr=6.86 bpmIBI=76 fused=76 valid=YES
2026-08-25T00:52:46.603,32289,RAW_LINE,,,,,,,,,,,,,,,,,,,,,,,,,,,,[PULSE] #44 state=TRACKING bpmIBI=76 ibi=680 accepted=YES peak=79.1 prom=121.0
2026-08-25T00:52:46.605,32291,RAW_LINE,,,,,,,,,,,,,,,,,,,,,,,,,,,,[SIGNAL] state=TRACKING contact=YES motion=NO raw=2312 dc=2264.3 ac=+63.8 ppg=+56.7 env=38.5 noise=4.3 snr=8.06 bpmIBI=76 fused=76 valid=YES
2026-08-25T00:52:47.098,32783,HYBRID,79,71,1x,78,75,78.0,1x,75,75,66,9.9,0.37,1x,78,76,3,1,0,0,197.0,200,72148,72282,716,2455,361,11,[HYBRID] IBI=79 Q=71 REL=1x | CORR=78 Q=75 R=0.74 REL=1x | SPEC=75 RAW=75 Q=66 DOM=9.9 H2=0.37 REL=1x | FUSED=78 Q=76 METHODS=3 VALID=YES HARMONIC=NO RESOLVED=NO SCORE=197.0 SAMPLES=200 CPU=72148us MAXCPU=72282us SLICE=716us MAXSLICE=2455us CYCLE=361ms GAPMAX=11ms
2026-08-25T00:52:47.105,32791,RAW_LINE,,,,,,,,,,,,,,,,,,,,,,,,,,,,[SIGNAL] state=TRACKING contact=YES motion=NO raw=2265 dc=2261.5 ac=-12.1 ppg=-12.5 env=18.3 noise=2.2 snr=6.90 bpmIBI=79 fused=78 valid=YES
2026-08-25T00:52:47.274,32960,RAW_LINE,,,,,,,,,,,,,,,,,,,,,,,,,,,,[PULSE] #45 state=TRACKING bpmIBI=79 ibi=671 accepted=YES peak=92.8 prom=117.1
2026-08-25T00:52:47.605,33291,RAW_LINE,,,,,,,,,,,,,,,,,,,,,,,,,,,,[SIGNAL] state=TRACKING contact=YES motion=NO raw=2255 dc=2266.8 ac=-3.7 ppg=-10.4 env=21.3 noise=2.9 snr=6.33 bpmIBI=82 fused=78 valid=YES
2026-08-25T00:52:47.946,33632,RAW_LINE,,,,,,,,,,,,,,,,,,,,,,,,,,,,[PULSE] #46 state=TRACKING bpmIBI=82 ibi=680 accepted=YES peak=101.5 prom=129.8
2026-08-25T00:52:48.098,33784,HYBRID,84,73,1x,79,63,79.0,1x,78,79,48,7.7,0.35,1x,80,65,3,1,0,0,165.7,200,72162,72282,735,2455,360,11,[HYBRID] IBI=84 Q=73 REL=1x | CORR=79 Q=63 R=0.66 REL=1x | SPEC=78 RAW=79 Q=48 DOM=7.7 H2=0.35 REL=1x | FUSED=80 Q=65 METHODS=3 VALID=YES HARMONIC=NO RESOLVED=NO SCORE=165.7 SAMPLES=200 CPU=72162us MAXCPU=72282us SLICE=735us MAXSLICE=2455us CYCLE=360ms GAPMAX=11ms
2026-08-25T00:52:48.105,33791,RAW_LINE,,,,,,,,,,,,,,,,,,,,,,,,,,,,[SIGNAL] state=TRACKING contact=YES motion=NO raw=2237 dc=2270.7 ac=-31.5 ppg=-38.7 env=36.3 noise=6.0 snr=5.59 bpmIBI=84 fused=80 valid=YES
2026-08-25T00:52:48.605,34291,RAW_LINE,,,,,,,,,,,,,,,,,,,,,,,,,,,,[SIGNAL] state=TRACKING contact=YES motion=NO raw=2379 dc=2273.0 ac=+100.8 ppg=+68.1 env=37.1 noise=5.8 snr=5.92 bpmIBI=84 fused=80 valid=YES
2026-08-25T00:52:48.645,34330,RAW_LINE,,,,,,,,,,,,,,,,,,,,,,,,,,,,[PULSE] #47 state=TRACKING bpmIBI=84 ibi=700 accepted=YES peak=101.7 prom=133.2
2026-08-25T00:52:49.099,34785,HYBRID,85,80,1x,83,74,83.0,1x,82,83,50,8.0,0.34,1x,84,75,3,1,0,0,195.1,200,72171,72282,728,2455,361,11,[HYBRID] IBI=85 Q=80 REL=1x | CORR=83 Q=74 R=0.73 REL=1x | SPEC=82 RAW=83 Q=50 DOM=8.0 H2=0.34 REL=1x | FUSED=84 Q=75 METHODS=3 VALID=YES HARMONIC=NO RESOLVED=NO SCORE=195.1 SAMPLES=200 CPU=72171us MAXCPU=72282us SLICE=728us MAXSLICE=2455us CYCLE=361ms GAPMAX=11ms
2026-08-25T00:52:49.106,34792,RAW_LINE,,,,,,,,,,,,,,,,,,,,,,,,,,,,[SIGNAL] state=TRACKING contact=YES motion=NO raw=2231 dc=2270.3 ac=-37.4 ppg=-24.0 env=28.1 noise=2.7 snr=8.79 bpmIBI=85 fused=84 valid=YES
2026-08-25T00:52:49.365,35051,RAW_LINE,,,,,,,,,,,,,,,,,,,,,,,,,,,,[PULSE] #48 state=TRACKING bpmIBI=85 ibi=711 accepted=YES peak=74.0 prom=118.3
2026-08-25T00:52:49.606,35292,RAW_LINE,,,,,,,,,,,,,,,,,,,,,,,,,,,,[SIGNAL] state=TRACKING contact=YES motion=NO raw=2254 dc=2269.7 ac=-23.9 ppg=-24.6 env=36.0 noise=4.3 snr=7.47 bpmIBI=86 fused=84 valid=YES
2026-08-25T00:52:50.077,35763,RAW_LINE,,,,,,,,,,,,,,,,,,,,,,,,,,,,[PULSE] #49 state=TRACKING bpmIBI=86 ibi=680 accepted=YES peak=90.6 prom=136.8
2026-08-25T00:52:50.099,35785,HYBRID,87,85,1x,84,89,84.0,1x,85,85,64,9.7,0.43,1x,85,85,3,1,0,0,224.7,200,72197,72282,715,2455,360,11,[HYBRID] IBI=87 Q=85 REL=1x | CORR=84 Q=89 R=0.83 REL=1x | SPEC=85 RAW=85 Q=64 DOM=9.7 H2=0.43 REL=1x | FUSED=85 Q=85 METHODS=3 VALID=YES HARMONIC=NO RESOLVED=NO SCORE=224.7 SAMPLES=200 CPU=72197us MAXCPU=72282us SLICE=715us MAXSLICE=2455us CYCLE=360ms GAPMAX=11ms
2026-08-25T00:52:50.106,35792,RAW_LINE,,,,,,,,,,,,,,,,,,,,,,,,,,,,[SIGNAL] state=TRACKING contact=YES motion=NO raw=2269 dc=2272.1 ac=+32.3 ppg=+43.7 env=45.6 noise=6.4 snr=6.64 bpmIBI=87 fused=85 valid=YES
2026-08-25T00:52:50.606,36292,RAW_LINE,,,,,,,,,,,,,,,,,,,,,,,,,,,,[SIGNAL] state=TRACKING contact=YES motion=NO raw=2247 dc=2265.9 ac=-26.9 ppg=-15.6 env=28.2 noise=2.4 snr=9.79 bpmIBI=87 fused=85 valid=YES
2026-08-25T00:52:50.797,36483,RAW_LINE,,,,,,,,,,,,,,,,,,,,,,,,,,,,[PULSE] #50 state=TRACKING bpmIBI=87 ibi=750 accepted=YES peak=100.3 prom=143.6
2026-08-25T00:52:51.100,36785,HYBRID,86,82,1x,84,96,84.0,1x,86,87,72,10.6,0.59,1x,85,91,3,1,0,0,242.2,200,72188,72282,690,2455,361,11,[HYBRID] IBI=86 Q=82 REL=1x | CORR=84 Q=96 R=0.87 REL=1x | SPEC=86 RAW=87 Q=72 DOM=10.6 H2=0.59 REL=1x | FUSED=85 Q=91 METHODS=3 VALID=YES HARMONIC=NO RESOLVED=NO SCORE=242.2 SAMPLES=200 CPU=72188us MAXCPU=72282us SLICE=690us MAXSLICE=2455us CYCLE=361ms GAPMAX=11ms
2026-08-25T00:52:51.107,36793,RAW_LINE,,,,,,,,,,,,,,,,,,,,,,,,,,,,[SIGNAL] state=TRACKING contact=YES motion=NO raw=2280 dc=2271.4 ac=+2.2 ppg=-9.0 env=28.1 noise=3.9 snr=6.37 bpmIBI=86 fused=85 valid=YES
2026-08-25T00:52:51.546,37232,RAW_LINE,,,,,,,,,,,,,,,,,,,,,,,,,,,,[PULSE] #51 state=TRACKING bpmIBI=86 ibi=761 accepted=YES peak=103.5 prom=146.8
2026-08-25T00:52:51.607,37293,RAW_LINE,,,,,,,,,,,,,,,,,,,,,,,,,,,,[SIGNAL] state=TRACKING contact=YES motion=NO raw=2263 dc=2274.4 ac=+11.6 ppg=+24.8 env=45.7 noise=7.9 snr=5.45 bpmIBI=85 fused=85 valid=YES
2026-08-25T00:52:52.100,37785,HYBRID,85,79,1x,84,100,84.0,1x,86,87,74,10.8,0.64,1x,85,92,3,1,0,0,245.8,200,72205,72282,682,2456,360,11,[HYBRID] IBI=85 Q=79 REL=1x | CORR=84 Q=100 R=0.90 REL=1x | SPEC=86 RAW=87 Q=74 DOM=10.8 H2=0.64 REL=1x | FUSED=85 Q=92 METHODS=3 VALID=YES HARMONIC=NO RESOLVED=NO SCORE=245.8 SAMPLES=200 CPU=72205us MAXCPU=72282us SLICE=682us MAXSLICE=2456us CYCLE=360ms GAPMAX=11ms
2026-08-25T00:52:52.107,37793,RAW_LINE,,,,,,,,,,,,,,,,,,,,,,,,,,,,[SIGNAL] state=TRACKING contact=YES motion=NO raw=2247 dc=2268.5 ac=-22.9 ppg=-12.9 env=27.3 noise=1.8 snr=11.66 bpmIBI=85 fused=85 valid=YES
2026-08-25T00:52:52.316,38002,RAW_LINE,,,,,,,,,,,,,,,,,,,,,,,,,,,,[PULSE] #52 state=TRACKING bpmIBI=85 ibi=760 accepted=YES peak=88.6 prom=122.2
2026-08-25T00:52:52.607,38293,RAW_LINE,,,,,,,,,,,,,,,,,,,,,,,,,,,,[SIGNAL] state=TRACKING contact=YES motion=NO raw=2252 dc=2271.5 ac=-15.9 ppg=-18.8 env=31.6 noise=3.3 snr=8.30 bpmIBI=83 fused=84 valid=YES
2026-08-25T00:52:53.049,38735,RAW_LINE,,,,,,,,,,,,,,,,,,,,,,,,,,,,[PULSE] #53 state=TRACKING bpmIBI=83 ibi=741 accepted=YES peak=70.3 prom=112.6
2026-08-25T00:52:53.101,38787,HYBRID,82,81,1x,84,99,84.0,1x,85,85,72,10.7,0.54,1x,84,91,3,1,0,0,242.2,200,72189,72282,695,2456,361,11,[HYBRID] IBI=82 Q=81 REL=1x | CORR=84 Q=99 R=0.89 REL=1x | SPEC=85 RAW=85 Q=72 DOM=10.7 H2=0.54 REL=1x | FUSED=84 Q=91 METHODS=3 VALID=YES HARMONIC=NO RESOLVED=NO SCORE=242.2 SAMPLES=200 CPU=72189us MAXCPU=72282us SLICE=695us MAXSLICE=2456us CYCLE=361ms GAPMAX=11ms
2026-08-25T00:52:53.108,38794,RAW_LINE,,,,,,,,,,,,,,,,,,,,,,,,,,,,[SIGNAL] state=TRACKING contact=YES motion=NO raw=2249 dc=2271.2 ac=+4.1 ppg=+23.5 env=37.0 noise=6.0 snr=5.70 bpmIBI=82 fused=84 valid=YES
2026-08-25T00:52:53.608,39294,RAW_LINE,,,,,,,,,,,,,,,,,,,,,,,,,,,,[SIGNAL] state=TRACKING contact=YES motion=NO raw=2265 dc=2261.2 ac=-25.4 ppg=-11.7 env=40.0 noise=3.5 snr=10.08 bpmIBI=82 fused=84 valid=YES
2026-08-25T00:52:53.760,39445,RAW_LINE,,,,,,,,,,,,,,,,,,,,,,,,,,,,[PULSE] #54 state=TRACKING bpmIBI=82 ibi=710 accepted=YES peak=70.8 prom=128.7
2026-08-25T00:52:54.101,39786,HYBRID,82,81,1x,84,100,84.0,1x,83,83,72,10.7,0.49,1x,83,91,3,1,0,0,243.2,200,72232,72282,692,2456,360,11,[HYBRID] IBI=82 Q=81 REL=1x | CORR=84 Q=100 R=0.90 REL=1x | SPEC=83 RAW=83 Q=72 DOM=10.7 H2=0.49 REL=1x | FUSED=83 Q=91 METHODS=3 VALID=YES HARMONIC=NO RESOLVED=NO SCORE=243.2 SAMPLES=200 CPU=72232us MAXCPU=72282us SLICE=692us MAXSLICE=2456us CYCLE=360ms GAPMAX=11ms
2026-08-25T00:52:54.109,39794,RAW_LINE,,,,,,,,,,,,,,,,,,,,,,,,,,,,[SIGNAL] state=TRACKING contact=YES motion=NO raw=2239 dc=2262.0 ac=-13.8 ppg=-1.3 env=28.1 noise=2.8 snr=8.64 bpmIBI=82 fused=83 valid=YES
2026-08-25T00:52:54.467,40153,RAW_LINE,,,,,,,,,,,,,,,,,,,,,,,,,,,,[PULSE] #55 state=TRACKING bpmIBI=82 ibi=700 accepted=YES peak=85.6 prom=127.3
2026-08-25T00:52:54.608,40294,RAW_LINE,,,,,,,,,,,,,,,,,,,,,,,,,,,,[SIGNAL] state=TRACKING contact=YES motion=NO raw=2230 dc=2263.9 ac=-32.1 ppg=-28.3 env=36.6 noise=5.9 snr=5.75 bpmIBI=82 fused=83 valid=YES
2026-08-25T00:52:55.102,40787,HYBRID,82,78,1x,83,100,83.0,1x,82,83,74,10.9,0.57,1x,82,93,3,1,0,0,247.7,200,72179,72282,682,2456,361,11,[HYBRID] IBI=82 Q=78 REL=1x | CORR=83 Q=100 R=0.92 REL=1x | SPEC=82 RAW=83 Q=74 DOM=10.9 H2=0.57 REL=1x | FUSED=82 Q=93 METHODS=3 VALID=YES HARMONIC=NO RESOLVED=NO SCORE=247.7 SAMPLES=200 CPU=72179us MAXCPU=72282us SLICE=682us MAXSLICE=2456us CYCLE=361ms GAPMAX=11ms
2026-08-25T00:52:55.109,40795,RAW_LINE,,,,,,,,,,,,,,,,,,,,,,,,,,,,[SIGNAL] state=TRACKING contact=YES motion=NO raw=2376 dc=2263.8 ac=+89.2 ppg=+58.0 env=32.4 noise=5.8 snr=5.12 bpmIBI=82 fused=82 valid=YES
2026-08-25T00:52:55.178,40864,RAW_LINE,,,,,,,,,,,,,,,,,,,,,,,,,,,,[PULSE] #56 state=TRACKING bpmIBI=82 ibi=711 accepted=YES peak=95.6 prom=127.7
2026-08-25T00:52:55.609,41295,RAW_LINE,,,,,,,,,,,,,,,,,,,,,,,,,,,,[SIGNAL] state=TRACKING contact=YES motion=NO raw=2232 dc=2263.0 ac=-29.0 ppg=-19.7 env=28.1 noise=2.1 snr=10.89 bpmIBI=82 fused=82 valid=YES
2026-08-25T00:52:55.920,41606,RAW_LINE,,,,,,,,,,,,,,,,,,,,,,,,,,,,[PULSE] #57 state=TRACKING bpmIBI=82 ibi=750 accepted=YES peak=92.5 prom=125.1
2026-08-25T00:52:56.102,41787,HYBRID,82,81,1x,83,100,83.0,1x,82,81,77,11.2,0.61,1x,82,95,3,1,0,0,253.7,200,72197,72282,683,2456,360,11,[HYBRID] IBI=82 Q=81 REL=1x | CORR=83 Q=100 R=0.94 REL=1x | SPEC=82 RAW=81 Q=77 DOM=11.2 H2=0.61 REL=1x | FUSED=82 Q=95 METHODS=3 VALID=YES HARMONIC=NO RESOLVED=NO SCORE=253.7 SAMPLES=200 CPU=72197us MAXCPU=72282us SLICE=683us MAXSLICE=2456us CYCLE=360ms GAPMAX=11ms
2026-08-25T00:52:56.109,41795,RAW_LINE,,,,,,,,,,,,,,,,,,,,,,,,,,,,[SIGNAL] state=TRACKING contact=YES motion=NO raw=2238 dc=2264.8 ac=-35.5 ppg=-41.3 env=39.1 noise=5.3 snr=6.75 bpmIBI=82 fused=82 valid=YES
2026-08-25T00:52:56.609,42295,RAW_LINE,,,,,,,,,,,,,,,,,,,,,,,,,,,,[SIGNAL] state=TRACKING contact=YES motion=NO raw=2374 dc=2264.1 ac=+85.9 ppg=+57.8 env=33.5 noise=6.2 snr=4.97 bpmIBI=82 fused=82 valid=YES
2026-08-25T00:52:56.678,42364,RAW_LINE,,,,,,,,,,,,,,,,,,,,,,,,,,,,[PULSE] #58 state=TRACKING bpmIBI=82 ibi=760 accepted=YES peak=94.6 prom=138.3
2026-08-25T00:52:57.102,42788,HYBRID,82,80,1x,82,100,82.0,1x,82,83,77,11.3,0.61,1x,82,96,3,1,0,0,257.0,200,72084,72282,681,2456,361,11,[HYBRID] IBI=82 Q=80 REL=1x | CORR=82 Q=100 R=0.93 REL=1x | SPEC=82 RAW=83 Q=77 DOM=11.3 H2=0.61 REL=1x | FUSED=82 Q=96 METHODS=3 VALID=YES HARMONIC=NO RESOLVED=NO SCORE=257.0 SAMPLES=200 CPU=72084us MAXCPU=72282us SLICE=681us MAXSLICE=2456us CYCLE=361ms GAPMAX=11ms
2026-08-25T00:52:57.110,42796,RAW_LINE,,,,,,,,,,,,,,,,,,,,,,,,,,,,[SIGNAL] state=TRACKING contact=YES motion=NO raw=2220 dc=2263.2 ac=-33.8 ppg=-19.1 env=24.7 noise=3.2 snr=6.68 bpmIBI=82 fused=82 valid=YES
2026-08-25T00:52:57.449,43135,RAW_LINE,,,,,,,,,,,,,,,,,,,,,,,,,,,,[PULSE] #59 state=TRACKING bpmIBI=82 ibi=771 accepted=YES peak=92.3 prom=132.5
2026-08-25T00:52:57.610,43296,RAW_LINE,,,,,,,,,,,,,,,,,,,,,,,,,,,,[SIGNAL] state=TRACKING contact=YES motion=NO raw=2237 dc=2265.3 ac=-32.4 ppg=-35.7 env=37.3 noise=5.8 snr=5.91 bpmIBI=82 fused=82 valid=YES
2026-08-25T00:52:58.103,43789,HYBRID,82,78,1x,81,100,81.0,1x,82,83,79,11.5,0.63,1x,82,94,3,1,0,0,252.7,200,72151,72282,674,2456,360,11,[HYBRID] IBI=82 Q=78 REL=1x | CORR=81 Q=100 R=0.91 REL=1x | SPEC=82 RAW=83 Q=79 DOM=11.5 H2=0.63 REL=1x | FUSED=82 Q=94 METHODS=3 VALID=YES HARMONIC=NO RESOLVED=NO SCORE=252.7 SAMPLES=200 CPU=72151us MAXCPU=72282us SLICE=674us MAXSLICE=2456us CYCLE=360ms GAPMAX=11ms
2026-08-25T00:52:58.110,43796,RAW_LINE,,,,,,,,,,,,,,,,,,,,,,,,,,,,[SIGNAL] state=TRACKING contact=YES motion=NO raw=2364 dc=2265.0 ac=+69.8 ppg=+38.6 env=24.6 noise=5.5 snr=4.14 bpmIBI=82 fused=82 valid=YES
2026-08-25T00:52:58.199,43885,RAW_LINE,,,,,,,,,,,,,,,,,,,,,,,,,,,,[PULSE] #60 state=TRACKING bpmIBI=82 ibi=740 accepted=YES peak=90.4 prom=126.7
2026-08-25T00:52:58.610,44296,RAW_LINE,,,,,,,,,,,,,,,,,,,,,,,,,,,,[SIGNAL] state=TRACKING contact=YES motion=NO raw=2236 dc=2265.5 ac=-23.1 ppg=-14.0 env=21.7 noise=2.9 snr=6.46 bpmIBI=82 fused=82 valid=YES
2026-08-25T00:52:58.902,44588,RAW_LINE,,,,,,,,,,,,,,,,,,,,,,,,,,,,[PULSE] #61 state=TRACKING bpmIBI=82 ibi=701 accepted=YES peak=62.1 prom=102.8
2026-08-25T00:52:59.103,44789,HYBRID,82,77,1x,81,100,81.0,1x,82,83,74,10.8,0.63,1x,82,92,3,1,0,0,246.7,200,72218,72282,689,2456,361,11,[HYBRID] IBI=82 Q=77 REL=1x | CORR=81 Q=100 R=0.91 REL=1x | SPEC=82 RAW=83 Q=74 DOM=10.8 H2=0.63 REL=1x | FUSED=82 Q=92 METHODS=3 VALID=YES HARMONIC=NO RESOLVED=NO SCORE=246.7 SAMPLES=200 CPU=72218us MAXCPU=72282us SLICE=689us MAXSLICE=2456us CYCLE=361ms GAPMAX=11ms
2026-08-25T00:52:59.111,44797,RAW_LINE,,,,,,,,,,,,,,,,,,,,,,,,,,,,[SIGNAL] state=TRACKING contact=YES motion=NO raw=2238 dc=2263.1 ac=-36.0 ppg=-33.4 env=35.1 noise=4.5 snr=6.99 bpmIBI=82 fused=82 valid=YES
2026-08-25T00:52:59.590,45276,RAW_LINE,,,,,,,,,,,,,,,,,,,,,,,,,,,,[PULSE] #62 state=TRACKING bpmIBI=82 ibi=690 accepted=YES peak=89.6 prom=140.7
2026-08-25T00:52:59.611,45297,RAW_LINE,,,,,,,,,,,,,,,,,,,,,,,,,,,,[SIGNAL] state=TRACKING contact=YES motion=NO raw=2296 dc=2266.1 ac=+54.0 ppg=+56.3 env=44.6 noise=5.7 snr=7.22 bpmIBI=82 fused=82 valid=YES
2026-08-25T00:53:00.103,45789,HYBRID,82,78,1x,82,100,82.0,1x,82,81,69,10.3,0.67,1x,82,92,3,1,0,0,247.0,200,72056,72282,686,2456,360,11,[HYBRID] IBI=82 Q=78 REL=1x | CORR=82 Q=100 R=0.91 REL=1x | SPEC=82 RAW=81 Q=69 DOM=10.3 H2=0.67 REL=1x | FUSED=82 Q=92 METHODS=3 VALID=YES HARMONIC=NO RESOLVED=NO SCORE=247.0 SAMPLES=200 CPU=72056us MAXCPU=72282us SLICE=686us MAXSLICE=2456us CYCLE=360ms GAPMAX=11ms
2026-08-25T00:53:00.111,45797,RAW_LINE,,,,,,,,,,,,,,,,,,,,,,,,,,,,[SIGNAL] state=TRACKING contact=YES motion=NO raw=2271 dc=2262.4 ac=-5.0 ppg=-7.2 env=19.6 noise=2.7 snr=6.04 bpmIBI=82 fused=82 valid=YES
2026-08-25T00:53:00.270,45956,RAW_LINE,,,,,,,,,,,,,,,,,,,,,,,,,,,,[PULSE] #63 state=TRACKING bpmIBI=82 ibi=690 accepted=YES peak=92.7 prom=129.1
2026-08-25T00:53:00.611,46297,RAW_LINE,,,,,,,,,,,,,,,,,,,,,,,,,,,,[SIGNAL] state=TRACKING contact=YES motion=NO raw=2265 dc=2267.6 ac=+1.9 ppg=-3.1 env=22.6 noise=3.5 snr=5.71 bpmIBI=82 fused=82 valid=YES
2026-08-25T00:53:00.993,46679,RAW_LINE,,,,,,,,,,,,,,,,,,,,,,,,,,,,[PULSE] #64 state=TRACKING bpmIBI=82 ibi=721 accepted=YES peak=117.2 prom=147.9
2026-08-25T00:53:01.104,46790,HYBRID,83,77,1x,83,100,83.0,1x,82,81,67,10.0,0.7,1x,83,90,3,1,0,0,241.2,200,72154,72282,685,2456,361,11,[HYBRID] IBI=83 Q=77 REL=1x | CORR=83 Q=100 R=0.90 REL=1x | SPEC=82 RAW=81 Q=67 DOM=10.0 H2=0.70 REL=1x | FUSED=83 Q=90 METHODS=3 VALID=YES HARMONIC=NO RESOLVED=NO SCORE=241.2 SAMPLES=200 CPU=72154us MAXCPU=72282us SLICE=685us MAXSLICE=2456us CYCLE=361ms GAPMAX=11ms
2026-08-25T00:53:01.112,46798,RAW_LINE,,,,,,,,,,,,,,,,,,,,,,,,,,,,[SIGNAL] state=TRACKING contact=YES motion=NO raw=2221 dc=2272.9 ac=-34.8 ppg=-32.6 env=43.0 noise=8.4 snr=4.81 bpmIBI=83 fused=83 valid=YES
2026-08-25T00:53:01.612,47298,RAW_LINE,,,,,,,,,,,,,,,,,,,,,,,,,,,,[SIGNAL] state=TRACKING contact=YES motion=NO raw=2376 dc=2270.3 ac=+67.8 ppg=+36.7 env=28.4 noise=5.7 snr=4.55 bpmIBI=83 fused=83 valid=YES
2026-08-25T00:53:01.711,47397,RAW_LINE,,,,,,,,,,,,,,,,,,,,,,,,,,,,[PULSE] #65 state=TRACKING bpmIBI=83 ibi=710 accepted=YES peak=106.8 prom=147.5
2026-08-25T00:53:02.105,47790,HYBRID,84,80,1x,83,100,83.0,1x,82,83,64,9.7,0.6,1x,83,88,3,1,0,0,234.5,200,72176,72282,701,2456,360,11,[HYBRID] IBI=84 Q=80 REL=1x | CORR=83 Q=100 R=0.90 REL=1x | SPEC=82 RAW=83 Q=64 DOM=9.7 H2=0.60 REL=1x | FUSED=83 Q=88 METHODS=3 VALID=YES HARMONIC=NO RESOLVED=NO SCORE=234.5 SAMPLES=200 CPU=72176us MAXCPU=72282us SLICE=701us MAXSLICE=2456us CYCLE=360ms GAPMAX=11ms
2026-08-25T00:53:02.112,47798,RAW_LINE,,,,,,,,,,,,,,,,,,,,,,,,,,,,[SIGNAL] state=TRACKING contact=YES motion=NO raw=2238 dc=2271.8 ac=-21.4 ppg=-13.1 env=26.8 noise=4.0 snr=6.01 bpmIBI=84 fused=83 valid=YES
2026-08-25T00:53:02.471,48157,RAW_LINE,,,,,,,,,,,,,,,,,,,,,,,,,,,,[PULSE] #66 state=TRACKING bpmIBI=84 ibi=750 accepted=YES peak=105.5 prom=152.9
2026-08-25T00:53:02.613,48298,RAW_LINE,,,,,,,,,,,,,,,,,,,,,,,,,,,,[SIGNAL] state=TRACKING contact=YES motion=NO raw=2223 dc=2275.7 ac=-39.5 ppg=-36.7 env=40.7 noise=7.2 snr=5.32 bpmIBI=84 fused=83 valid=YES
2026-08-25T00:53:03.105,48791,HYBRID,84,84,1x,82,98,82.0,1x,84,83,67,10.0,0.59,1x,83,90,3,1,0,0,240.8,200,72138,72282,693,2456,361,11,[HYBRID] IBI=84 Q=84 REL=1x | CORR=82 Q=98 R=0.89 REL=1x | SPEC=84 RAW=83 Q=67 DOM=10.0 H2=0.59 REL=1x | FUSED=83 Q=90 METHODS=3 VALID=YES HARMONIC=NO RESOLVED=NO SCORE=240.8 SAMPLES=200 CPU=72138us MAXCPU=72282us SLICE=693us MAXSLICE=2456us CYCLE=361ms GAPMAX=11ms
2026-08-25T00:53:03.114,48799,RAW_LINE,,,,,,,,,,,,,,,,,,,,,,,,,,,,[SIGNAL] state=TRACKING contact=YES motion=NO raw=2297 dc=2270.1 ac=+4.4 ppg=+1.4 env=27.1 noise=3.2 snr=7.34 bpmIBI=84 fused=83 valid=YES
2026-08-25T00:53:03.232,48918,RAW_LINE,,,,,,,,,,,,,,,,,,,,,,,,,,,,[PULSE] #67 state=TRACKING bpmIBI=84 ibi=781 accepted=YES peak=68.5 prom=113.6
2026-08-25T00:53:03.613,49299,RAW_LINE,,,,,,,,,,,,,,,,,,,,,,,,,,,,[SIGNAL] state=TRACKING contact=YES motion=NO raw=2221 dc=2267.4 ac=-35.3 ppg=-11.5 env=34.3 noise=2.7 snr=10.74 bpmIBI=83 fused=83 valid=YES
2026-08-25T00:53:03.974,49660,RAW_LINE,,,,,,,,,,,,,,,,,,,,,,,,,,,,[PULSE] #68 state=TRACKING bpmIBI=83 ibi=720 accepted=YES peak=81.5 prom=133.3
2026-08-25T00:53:04.106,49791,HYBRID,83,80,1x,82,95,82.0,1x,84,85,67,10.1,0.62,1x,83,88,3,1,0,0,235.2,200,72207,72282,700,2456,360,11,[HYBRID] IBI=83 Q=80 REL=1x | CORR=82 Q=95 R=0.87 REL=1x | SPEC=84 RAW=85 Q=67 DOM=10.1 H2=0.62 REL=1x | FUSED=83 Q=88 METHODS=3 VALID=YES HARMONIC=NO RESOLVED=NO SCORE=235.2 SAMPLES=200 CPU=72207us MAXCPU=72282us SLICE=700us MAXSLICE=2456us CYCLE=360ms GAPMAX=11ms
2026-08-25T00:53:04.113,49799,RAW_LINE,,,,,,,,,,,,,,,,,,,,,,,,,,,,[SIGNAL] state=TRACKING contact=YES motion=NO raw=2216 dc=2267.1 ac=-47.3 ppg=-32.3 env=39.1 noise=6.3 snr=5.72 bpmIBI=83 fused=83 valid=YES
2026-08-25T00:53:04.613,50299,RAW_LINE,,,,,,,,,,,,,,,,,,,,,,,,,,,,[SIGNAL] state=TRACKING contact=YES motion=NO raw=2345 dc=2262.4 ac=+37.3 ppg=+21.8 env=28.3 noise=4.7 snr=5.41 bpmIBI=83 fused=83 valid=YES
2026-08-25T00:53:04.722,50408,RAW_LINE,,,,,,,,,,,,,,,,,,,,,,,,,,,,[PULSE] #69 state=TRACKING bpmIBI=83 ibi=760 accepted=YES peak=99.7 prom=147.1
2026-08-25T00:53:05.107,50793,HYBRID,82,81,1x,82,97,82.0,1x,84,83,65,9.8,0.57,1x,83,89,3,1,0,0,237.5,200,72173,72282,694,2456,361,11,[HYBRID] IBI=82 Q=81 REL=1x | CORR=82 Q=97 R=0.88 REL=1x | SPEC=84 RAW=83 Q=65 DOM=9.8 H2=0.57 REL=1x | FUSED=83 Q=89 METHODS=3 VALID=YES HARMONIC=NO RESOLVED=NO SCORE=237.5 SAMPLES=200 CPU=72173us MAXCPU=72282us SLICE=694us MAXSLICE=2456us CYCLE=361ms GAPMAX=11ms
2026-08-25T00:53:05.114,50800,RAW_LINE,,,,,,,,,,,,,,,,,,,,,,,,,,,,[SIGNAL] state=TRACKING contact=YES motion=NO raw=2236 dc=2264.1 ac=-22.8 ppg=-13.6 env=30.0 noise=2.6 snr=9.69 bpmIBI=82 fused=83 valid=YES
2026-08-25T00:53:05.503,51189,RAW_LINE,,,,,,,,,,,,,,,,,,,,,,,,,,,,[PULSE] #70 state=TRACKING bpmIBI=82 ibi=791 accepted=YES peak=93.0 prom=134.3
2026-08-25T00:53:05.614,51300,RAW_LINE,,,,,,,,,,,,,,,,,,,,,,,,,,,,[SIGNAL] state=TRACKING contact=YES motion=NO raw=2222 dc=2267.2 ac=-23.7 ppg=-11.7 env=39.7 noise=7.1 snr=5.25 bpmIBI=80 fused=82 valid=YES
2026-08-25T00:53:06.107,51793,HYBRID,80,81,1x,82,95,82.0,1x,82,81,65,9.8,0.52,1x,81,88,3,1,0,0,234.1,200,72187,72282,701,2456,360,11,[HYBRID] IBI=80 Q=81 REL=1x | CORR=82 Q=95 R=0.87 REL=1x | SPEC=82 RAW=81 Q=65 DOM=9.8 H2=0.52 REL=1x | FUSED=81 Q=88 METHODS=3 VALID=YES HARMONIC=NO RESOLVED=NO SCORE=234.1 SAMPLES=200 CPU=72187us MAXCPU=72282us SLICE=701us MAXSLICE=2456us CYCLE=360ms GAPMAX=11ms
2026-08-25T00:53:06.114,51800,RAW_LINE,,,,,,,,,,,,,,,,,,,,,,,,,,,,[SIGNAL] state=TRACKING contact=YES motion=NO raw=2254 dc=2260.9 ac=-16.7 ppg=-5.6 env=28.4 noise=1.9 snr=11.64 bpmIBI=80 fused=81 valid=YES
2026-08-25T00:53:06.283,51969,RAW_LINE,,,,,,,,,,,,,,,,,,,,,,,,,,,,[PULSE] #71 state=TRACKING bpmIBI=80 ibi=780 accepted=YES peak=96.5 prom=136.2
2026-08-25T00:53:06.614,52300,RAW_LINE,,,,,,,,,,,,,,,,,,,,,,,,,,,,[SIGNAL] state=TRACKING contact=YES motion=NO raw=2252 dc=2266.0 ac=-4.7 ppg=-8.4 env=24.3 noise=3.1 snr=6.83 bpmIBI=79 fused=81 valid=YES
2026-08-25T00:53:07.086,52772,RAW_LINE,,,,,,,,,,,,,,,,,,,,,,,,,,,,[PULSE] #72 state=TRACKING bpmIBI=79 ibi=801 accepted=YES peak=80.4 prom=119.2
2026-08-25T00:53:07.108,52794,HYBRID,78,81,1x,81,93,81.0,1x,80,81,73,10.8,0.6,1x,80,88,3,1,0,0,233.3,200,72207,72282,691,2456,361,11,[HYBRID] IBI=78 Q=81 REL=1x | CORR=81 Q=93 R=0.86 REL=1x | SPEC=80 RAW=81 Q=73 DOM=10.8 H2=0.60 REL=1x | FUSED=80 Q=88 METHODS=3 VALID=YES HARMONIC=NO RESOLVED=NO SCORE=233.3 SAMPLES=200 CPU=72207us MAXCPU=72282us SLICE=691us MAXSLICE=2456us CYCLE=361ms GAPMAX=11ms
2026-08-25T00:53:07.115,52801,RAW_LINE,,,,,,,,,,,,,,,,,,,,,,,,,,,,[SIGNAL] state=TRACKING contact=YES motion=NO raw=2296 dc=2268.1 ac=+48.8 ppg=+47.2 env=39.8 noise=4.8 snr=7.59 bpmIBI=78 fused=80 valid=YES
2026-08-25T00:53:07.615,53301,RAW_LINE,,,,,,,,,,,,,,,,,,,,,,,,,,,,[SIGNAL] state=TRACKING contact=YES motion=NO raw=2223 dc=2262.1 ac=-40.7 ppg=-25.3 env=28.0 noise=2.1 snr=10.86 bpmIBI=78 fused=80 valid=YES
2026-08-25T00:53:07.846,53532,RAW_LINE,,,,,,,,,,,,,,,,,,,,,,,,,,,,[PULSE] #73 state=TRACKING bpmIBI=78 ibi=740 accepted=YES peak=65.0 prom=106.2
2026-08-25T00:53:08.108,53793,HYBRID,78,81,1x,79,100,79.0,1x,79,79,79,11.4,0.63,1x,79,94,3,1,0,0,252.0,200,72177,72282,685,2456,360,11,[HYBRID] IBI=78 Q=81 REL=1x | CORR=79 Q=100 R=0.91 REL=1x | SPEC=79 RAW=79 Q=79 DOM=11.4 H2=0.63 REL=1x | FUSED=79 Q=94 METHODS=3 VALID=YES HARMONIC=NO RESOLVED=NO SCORE=252.0 SAMPLES=200 CPU=72177us MAXCPU=72282us SLICE=685us MAXSLICE=2456us CYCLE=360ms GAPMAX=11ms
2026-08-25T00:53:08.115,53801,RAW_LINE,,,,,,,,,,,,,,,,,,,,,,,,,,,,[SIGNAL] state=TRACKING contact=YES motion=NO raw=2253 dc=2262.3 ac=-10.6 ppg=-7.8 env=28.5 noise=3.5 snr=7.06 bpmIBI=78 fused=79 valid=YES
2026-08-25T00:53:08.554,54240,RAW_LINE,,,,,,,,,,,,,,,,,,,,,,,,,,,,[PULSE] #74 state=TRACKING bpmIBI=78 ibi=720 accepted=YES peak=91.8 prom=134.1
2026-08-25T00:53:08.615,54301,RAW_LINE,,,,,,,,,,,,,,,,,,,,,,,,,,,,[SIGNAL] state=TRACKING contact=YES motion=NO raw=2253 dc=2265.2 ac=+22.5 ppg=+33.6 env=45.2 noise=6.5 snr=6.48 bpmIBI=79 fused=79 valid=YES
2026-08-25T00:53:09.109,54794,HYBRID,79,80,1x,79,100,79.0,1x,78,79,77,11.2,0.67,1x,79,95,3,1,0,0,253.6,200,72045,72282,688,2456,361,11,[HYBRID] IBI=79 Q=80 REL=1x | CORR=79 Q=100 R=0.92 REL=1x | SPEC=78 RAW=79 Q=77 DOM=11.2 H2=0.67 REL=1x | FUSED=79 Q=95 METHODS=3 VALID=YES HARMONIC=NO RESOLVED=NO SCORE=253.6 SAMPLES=200 CPU=72045us MAXCPU=72282us SLICE=688us MAXSLICE=2456us CYCLE=361ms GAPMAX=11ms
2026-08-25T00:53:09.116,54802,RAW_LINE,,,,,,,,,,,,,,,,,,,,,,,,,,,,[SIGNAL] state=TRACKING contact=YES motion=NO raw=2272 dc=2260.2 ac=-9.0 ppg=-9.0 env=24.1 noise=2.3 snr=8.68 bpmIBI=79 fused=79 valid=YES
2026-08-25T00:53:09.285,54971,RAW_LINE,,,,,,,,,,,,,,,,,,,,,,,,,,,,[PULSE] #75 state=TRACKING bpmIBI=79 ibi=731 accepted=YES peak=108.1 prom=137.6
2026-08-25T00:53:09.616,55302,RAW_LINE,,,,,,,,,,,,,,,,,,,,,,,,,,,,[SIGNAL] state=TRACKING contact=YES motion=NO raw=2254 dc=2266.2 ac=-5.5 ppg=-11.5 env=26.8 noise=3.5 snr=6.72 bpmIBI=79 fused=79 valid=YES
2026-08-25T00:53:10.027,55713,RAW_LINE,,,,,,,,,,,,,,,,,,,,,,,,,,,,[PULSE] #76 state=TRACKING bpmIBI=79 ibi=750 accepted=YES peak=106.9 prom=137.5
2026-08-25T00:53:10.108,55794,HYBRID,79,79,1x,79,100,79.0,1x,78,79,75,11.0,0.67,1x,79,94,3,1,0,0,250.7,200,72207,72282,696,2456,360,11,[HYBRID] IBI=79 Q=79 REL=1x | CORR=79 Q=100 R=0.92 REL=1x | SPEC=78 RAW=79 Q=75 DOM=11.0 H2=0.67 REL=1x | FUSED=79 Q=94 METHODS=3 VALID=YES HARMONIC=NO RESOLVED=NO SCORE=250.7 SAMPLES=200 CPU=72207us MAXCPU=72282us SLICE=696us MAXSLICE=2456us CYCLE=360ms GAPMAX=11ms
2026-08-25T00:53:10.116,55802,RAW_LINE,,,,,,,,,,,,,,,,,,,,,,,,,,,,[SIGNAL] state=TRACKING contact=YES motion=NO raw=2223 dc=2270.7 ac=-17.2 ppg=-6.1 env=43.5 noise=8.2 snr=4.97 bpmIBI=79 fused=79 valid=YES
2026-08-25T00:53:10.616,56302,RAW_LINE,,,,,,,,,,,,,,,,,,,,,,,,,,,,[SIGNAL] state=TRACKING contact=YES motion=NO raw=2238 dc=2264.6 ac=-29.3 ppg=-16.4 env=28.3 noise=1.5 snr=13.88 bpmIBI=79 fused=79 valid=YES
2026-08-25T00:53:10.807,56493,RAW_LINE,,,,,,,,,,,,,,,,,,,,,,,,,,,,[PULSE] #77 state=TRACKING bpmIBI=79 ibi=780 accepted=YES peak=108.1 prom=149.0
2026-08-25T00:53:11.110,56795,HYBRID,79,81,1x,79,100,79.0,1x,79,79,75,11.0,0.59,1x,79,95,3,1,0,0,256.0,200,72160,72282,684,2456,361,11,[HYBRID] IBI=79 Q=81 REL=1x | CORR=79 Q=100 R=0.92 REL=1x | SPEC=79 RAW=79 Q=75 DOM=11.0 H2=0.59 REL=1x | FUSED=79 Q=95 METHODS=3 VALID=YES HARMONIC=NO RESOLVED=NO SCORE=256.0 SAMPLES=200 CPU=72160us MAXCPU=72282us SLICE=684us MAXSLICE=2456us CYCLE=361ms GAPMAX=11ms
2026-08-25T00:53:11.117,56803,RAW_LINE,,,,,,,,,,,,,,,,,,,,,,,,,,,,[SIGNAL] state=TRACKING contact=YES motion=NO raw=2264 dc=2269.9 ac=-6.7 ppg=-16.1 env=31.1 noise=3.6 snr=7.64 bpmIBI=79 fused=79 valid=YES
2026-08-25T00:53:11.617,57303,RAW_LINE,,,,,,,,,,,,,,,,,,,,,,,,,,,,[SIGNAL] state=TRACKING contact=YES motion=NO raw=2328 dc=2271.2 ac=+75.7 ppg=+64.8 env=40.0 noise=4.6 snr=7.82 bpmIBI=79 fused=79 valid=YES
2026-08-25T00:53:11.626,57312,RAW_LINE,,,,,,,,,,,,,,,,,,,,,,,,,,,,[PULSE] #78 state=TRACKING bpmIBI=79 ibi=821 accepted=YES peak=84.7 prom=116.5
2026-08-25T00:53:12.109,57795,HYBRID,79,79,1x,78,100,78.0,1x,79,79,75,11.0,0.6,1x,79,93,3,1,0,0,249.6,200,72150,72282,701,2456,360,11,[HYBRID] IBI=79 Q=79 REL=1x | CORR=78 Q=100 R=0.91 REL=1x | SPEC=79 RAW=79 Q=75 DOM=11.0 H2=0.60 REL=1x | FUSED=79 Q=93 METHODS=3 VALID=YES HARMONIC=NO RESOLVED=NO SCORE=249.6 SAMPLES=200 CPU=72150us MAXCPU=72282us SLICE=701us MAXSLICE=2456us CYCLE=360ms GAPMAX=11ms
2026-08-25T00:53:12.117,57803,RAW_LINE,,,,,,,,,,,,,,,,,,,,,,,,,,,,[SIGNAL] state=TRACKING contact=YES motion=NO raw=2221 dc=2265.3 ac=-42.8 ppg=-24.2 env=30.5 noise=2.2 snr=11.49 bpmIBI=79 fused=79 valid=YES
2026-08-25T00:53:12.416,58102,RAW_LINE,,,,,,,,,,,,,,,,,,,,,,,,,,,,[PULSE] #79 state=TRACKING bpmIBI=79 ibi=780 accepted=YES peak=75.0 prom=119.4
2026-08-25T00:53:12.617,58303,RAW_LINE,,,,,,,,,,,,,,,,,,,,,,,,,,,,[SIGNAL] state=TRACKING contact=YES motion=NO raw=2253 dc=2264.4 ac=-28.9 ppg=-31.5 env=39.6 noise=5.7 snr=6.34 bpmIBI=79 fused=79 valid=YES
2026-08-25T00:53:13.111,58797,HYBRID,79,79,1x,78,100,78.0,1x,80,79,71,10.6,0.59,1x,79,91,3,1,0,0,242.4,200,72181,72282,700,2456,361,11,[HYBRID] IBI=79 Q=79 REL=1x | CORR=78 Q=100 R=0.90 REL=1x | SPEC=80 RAW=79 Q=71 DOM=10.6 H2=0.59 REL=1x | FUSED=79 Q=91 METHODS=3 VALID=YES HARMONIC=NO RESOLVED=NO SCORE=242.4 SAMPLES=200 CPU=72181us MAXCPU=72282us SLICE=700us MAXSLICE=2456us CYCLE=361ms GAPMAX=11ms
2026-08-25T00:53:13.119,58804,RAW_LINE,,,,,,,,,,,,,,,,,,,,,,,,,,,,[SIGNAL] state=TRACKING contact=YES motion=NO raw=2365 dc=2262.9 ac=+87.5 ppg=+65.7 env=37.1 noise=6.3 snr=5.45 bpmIBI=79 fused=79 valid=YES
2026-08-25T00:53:13.177,58863,RAW_LINE,,,,,,,,,,,,,,,,,,,,,,,,,,,,[PULSE] #80 state=TRACKING bpmIBI=79 ibi=761 accepted=YES peak=89.7 prom=144.6
2026-08-25T00:53:13.618,59304,RAW_LINE,,,,,,,,,,,,,,,,,,,,,,,,,,,,[SIGNAL] state=TRACKING contact=YES motion=NO raw=2235 dc=2261.5 ac=-26.7 ppg=-13.8 env=22.4 noise=3.6 snr=5.46 bpmIBI=79 fused=79 valid=YES
2026-08-25T00:53:13.929,59615,RAW_LINE,,,,,,,,,,,,,,,,,,,,,,,,,,,,[PULSE] #81 state=TRACKING bpmIBI=79 ibi=750 accepted=YES peak=100.4 prom=138.4
2026-08-25T00:53:14.111,59797,HYBRID,78,80,1x,79,100,79.0,1x,79,79,68,10.2,0.54,1x,79,90,3,1,0,0,240.5,200,72149,72282,700,2456,360,11,[HYBRID] IBI=78 Q=80 REL=1x | CORR=79 Q=100 R=0.90 REL=1x | SPEC=79 RAW=79 Q=68 DOM=10.2 H2=0.54 REL=1x | FUSED=79 Q=90 METHODS=3 VALID=YES HARMONIC=NO RESOLVED=NO SCORE=240.5 SAMPLES=200 CPU=72149us MAXCPU=72282us SLICE=700us MAXSLICE=2456us CYCLE=360ms GAPMAX=11ms
2026-08-25T00:53:14.118,59804,RAW_LINE,,,,,,,,,,,,,,,,,,,,,,,,,,,,[SIGNAL] state=TRACKING contact=YES motion=NO raw=2249 dc=2265.0 ac=-24.1 ppg=-37.8 env=37.2 noise=5.7 snr=5.97 bpmIBI=78 fused=79 valid=YES
2026-08-25T00:53:14.618,60304,RAW_LINE,,,,,,,,,,,,,,,,,,,,,,,,,,,,[SIGNAL] state=TRACKING contact=YES motion=NO raw=2376 dc=2265.5 ac=+96.5 ppg=+64.6 env=35.1 noise=6.3 snr=5.18 bpmIBI=78 fused=79 valid=YES
2026-08-25T00:53:14.677,60363,RAW_LINE,,,,,,,,,,,,,,,,,,,,,,,,,,,,[PULSE] #82 state=TRACKING bpmIBI=78 ibi=740 accepted=YES peak=97.6 prom=135.1
2026-08-25T00:53:15.111,60797,HYBRID,78,81,1x,79,100,79.0,1x,78,79,68,10.1,0.6,1x,78,92,3,1,0,0,244.5,200,72183,72282,694,2456,361,11,[HYBRID] IBI=78 Q=81 REL=1x | CORR=79 Q=100 R=0.92 REL=1x | SPEC=78 RAW=79 Q=68 DOM=10.1 H2=0.60 REL=1x | FUSED=78 Q=92 METHODS=3 VALID=YES HARMONIC=NO RESOLVED=NO SCORE=244.5 SAMPLES=200 CPU=72183us MAXCPU=72282us SLICE=694us MAXSLICE=2456us CYCLE=361ms GAPMAX=11ms
2026-08-25T00:53:15.119,60805,RAW_LINE,,,,,,,,,,,,,,,,,,,,,,,,,,,,[SIGNAL] state=TRACKING contact=YES motion=NO raw=2236 dc=2264.8 ac=-26.0 ppg=-18.2 env=23.7 noise=2.6 snr=7.72 bpmIBI=78 fused=78 valid=YES
2026-08-25T00:53:15.428,61114,RAW_LINE,,,,,,,,,,,,,,,,,,,,,,,,,,,,[PULSE] #83 state=TRACKING bpmIBI=78 ibi=761 accepted=YES peak=97.1 prom=133.1
2026-08-25T00:53:15.619,61305,RAW_LINE,,,,,,,,,,,,,,,,,,,,,,,,,,,,[SIGNAL] state=TRACKING contact=YES motion=NO raw=2249 dc=2268.6 ac=-26.3 ppg=-37.9 env=36.6 noise=5.0 snr=6.66 bpmIBI=78 fused=78 valid=YES
2026-08-25T00:53:16.112,61798,HYBRID,78,81,1x,79,100,79.0,1x,78,77,76,11.1,0.69,1x,78,94,3,1,0,0,252.5,200,72184,72282,683,2456,360,11,[HYBRID] IBI=78 Q=81 REL=1x | CORR=79 Q=100 R=0.94 REL=1x | SPEC=78 RAW=77 Q=76 DOM=11.1 H2=0.69 REL=1x | FUSED=78 Q=94 METHODS=3 VALID=YES HARMONIC=NO RESOLVED=NO SCORE=252.5 SAMPLES=200 CPU=72184us MAXCPU=72282us SLICE=683us MAXSLICE=2456us CYCLE=360ms GAPMAX=11ms
2026-08-25T00:53:16.120,61806,RAW_LINE,,,,,,,,,,,,,,,,,,,,,,,,,,,,[SIGNAL] state=TRACKING contact=YES motion=NO raw=2332 dc=2269.3 ac=+73.0 ppg=+57.8 env=34.5 noise=4.8 snr=6.56 bpmIBI=78 fused=78 valid=YES
2026-08-25T00:53:16.138,61824,RAW_LINE,,,,,,,,,,,,,,,,,,,,,,,,,,,,[PULSE] #84 state=TRACKING bpmIBI=78 ibi=710 accepted=YES peak=76.7 prom=108.4
2026-08-25T00:53:16.619,62305,RAW_LINE,,,,,,,,,,,,,,,,,,,,,,,,,,,,[SIGNAL] state=TRACKING contact=YES motion=NO raw=2231 dc=2262.7 ac=-31.0 ppg=-11.5 env=31.3 noise=2.0 snr=12.33 bpmIBI=79 fused=79 valid=YES
2026-08-25T00:53:16.871,62557,RAW_LINE,,,,,,,,,,,,,,,,,,,,,,,,,,,,[PULSE] #85 state=TRACKING bpmIBI=79 ibi=720 accepted=YES peak=85.1 prom=145.1
2026-08-25T00:53:17.113,62798,HYBRID,80,83,1x,79,100,79.0,1x,78,77,72,10.6,0.7,1x,79,91,3,1,0,0,244.3,200,72198,72282,695,2456,361,11,[HYBRID] IBI=80 Q=83 REL=1x | CORR=79 Q=100 R=0.93 REL=1x | SPEC=78 RAW=77 Q=72 DOM=10.6 H2=0.70 REL=1x | FUSED=79 Q=91 METHODS=3 VALID=YES HARMONIC=NO RESOLVED=NO SCORE=244.3 SAMPLES=200 CPU=72198us MAXCPU=72282us SLICE=695us MAXSLICE=2456us CYCLE=361ms GAPMAX=11ms
2026-08-25T00:53:17.121,62806,RAW_LINE,,,,,,,,,,,,,,,,,,,,,,,,,,,,[SIGNAL] state=TRACKING contact=YES motion=NO raw=2254 dc=2264.5 ac=-12.8 ppg=-18.5 env=34.5 noise=4.4 snr=7.05 bpmIBI=80 fused=79 valid=YES
2026-08-25T00:53:17.579,63265,RAW_LINE,,,,,,,,,,,,,,,,,,,,,,,,,,,,[PULSE] #86 state=TRACKING bpmIBI=80 ibi=721 accepted=YES peak=103.1 prom=144.2
2026-08-25T00:53:17.620,63306,RAW_LINE,,,,,,,,,,,,,,,,,,,,,,,,,,,,[SIGNAL] state=TRACKING contact=YES motion=NO raw=2286 dc=2268.8 ac=+49.8 ppg=+51.6 env=49.7 noise=6.5 snr=7.12 bpmIBI=81 fused=79 valid=YES
2026-08-25T00:53:18.113,63799,HYBRID,81,84,1x,79,100,79.0,1x,79,79,70,10.4,0.65,1x,80,92,3,1,0,0,246.6,200,72164,72282,690,2456,360,11,[HYBRID] IBI=81 Q=84 REL=1x | CORR=79 Q=100 R=0.90 REL=1x | SPEC=79 RAW=79 Q=70 DOM=10.4 H2=0.65 REL=1x | FUSED=80 Q=92 METHODS=3 VALID=YES HARMONIC=NO RESOLVED=NO SCORE=246.6 SAMPLES=200 CPU=72164us MAXCPU=72282us SLICE=690us MAXSLICE=2456us CYCLE=360ms GAPMAX=11ms
2026-08-25T00:53:18.121,63806,RAW_LINE,,,,,,,,,,,,,,,,,,,,,,,,,,,,[SIGNAL] state=TRACKING contact=YES motion=NO raw=2224 dc=2263.6 ac=-35.3 ppg=-20.6 env=26.5 noise=1.8 snr=11.71 bpmIBI=81 fused=80 valid=YES
2026-08-25T00:53:18.329,64015,RAW_LINE,,,,,,,,,,,,,,,,,,,,,,,,,,,,[PULSE] #87 state=TRACKING bpmIBI=81 ibi=750 accepted=YES peak=110.7 prom=146.0
2026-08-25T00:53:18.620,64306,RAW_LINE,,,,,,,,,,,,,,,,,,,,,,,,,,,,[SIGNAL] state=TRACKING contact=YES motion=NO raw=2254 dc=2268.8 ac=-8.5 ppg=-16.6 env=31.9 noise=4.2 snr=6.78 bpmIBI=82 fused=80 valid=YES
2026-08-25T00:53:19.082,64768,RAW_LINE,,,,,,,,,,,,,,,,,,,,,,,,,,,,[PULSE] #88 state=TRACKING bpmIBI=82 ibi=761 accepted=YES peak=103.9 prom=147.9
2026-08-25T00:53:19.114,64799,HYBRID,81,82,1x,80,100,80.0,1x,81,81,73,10.8,0.67,1x,81,94,3,1,0,0,250.7,200,72205,72282,693,2456,361,11,[HYBRID] IBI=81 Q=82 REL=1x | CORR=80 Q=100 R=0.92 REL=1x | SPEC=81 RAW=81 Q=73 DOM=10.8 H2=0.67 REL=1x | FUSED=81 Q=94 METHODS=3 VALID=YES HARMONIC=NO RESOLVED=NO SCORE=250.7 SAMPLES=200 CPU=72205us MAXCPU=72282us SLICE=693us MAXSLICE=2456us CYCLE=361ms GAPMAX=11ms
2026-08-25T00:53:19.121,64807,RAW_LINE,,,,,,,,,,,,,,,,,,,,,,,,,,,,[SIGNAL] state=TRACKING contact=YES motion=NO raw=2280 dc=2271.7 ac=+44.8 ppg=+50.4 env=49.5 noise=7.0 snr=6.63 bpmIBI=81 fused=81 valid=YES
2026-08-25T00:53:19.621,65307,RAW_LINE,,,,,,,,,,,,,,,,,,,,,,,,,,,,[SIGNAL] state=TRACKING contact=YES motion=NO raw=2238 dc=2265.6 ac=-29.3 ppg=-16.9 env=28.5 noise=1.7 snr=12.84 bpmIBI=81 fused=81 valid=YES
2026-08-25T00:53:19.822,65508,RAW_LINE,,,,,,,,,,,,,,,,,,,,,,,,,,,,[PULSE] #89 state=TRACKING bpmIBI=81 ibi=740 accepted=YES peak=84.7 prom=122.8
2026-08-25T00:53:20.113,65799,HYBRID,81,83,1x,81,100,81.0,1x,82,81,77,11.3,0.69,1x,81,96,3,1,0,0,256.7,200,72094,72282,679,2456,360,11,[HYBRID] IBI=81 Q=83 REL=1x | CORR=81 Q=100 R=0.93 REL=1x | SPEC=82 RAW=81 Q=77 DOM=11.3 H2=0.69 REL=1x | FUSED=81 Q=96 METHODS=3 VALID=YES HARMONIC=NO RESOLVED=NO SCORE=256.7 SAMPLES=200 CPU=72094us MAXCPU=72282us SLICE=679us MAXSLICE=2456us CYCLE=360ms GAPMAX=11ms
2026-08-25T00:53:20.122,65807,RAW_LINE,,,,,,,,,,,,,,,,,,,,,,,,,,,,[SIGNAL] state=TRACKING contact=YES motion=NO raw=2248 dc=2267.6 ac=-16.9 ppg=-16.0 env=31.5 noise=3.5 snr=7.93 bpmIBI=81 fused=81 valid=YES
2026-08-25T00:53:20.550,66236,RAW_LINE,,,,,,,,,,,,,,,,,,,,,,,,,,,,[PULSE] #90 state=TRACKING bpmIBI=81 ibi=730 accepted=YES peak=73.6 prom=119.0
2026-08-25T00:53:20.621,66307,RAW_LINE,,,,,,,,,,,,,,,,,,,,,,,,,,,,[SIGNAL] state=TRACKING contact=YES motion=NO raw=2220 dc=2267.1 ac=-15.8 ppg=+9.8 env=36.7 noise=6.9 snr=4.94 bpmIBI=82 fused=82 valid=YES
2026-08-25T00:53:21.115,66801,HYBRID,82,88,1x,81,100,81.0,1x,82,81,79,11.5,0.67,1x,82,98,3,1,0,0,262.7,200,72170,72282,681,2456,361,11,[HYBRID] IBI=82 Q=88 REL=1x | CORR=81 Q=100 R=0.93 REL=1x | SPEC=82 RAW=81 Q=79 DOM=11.5 H2=0.67 REL=1x | FUSED=82 Q=98 METHODS=3 VALID=YES HARMONIC=NO RESOLVED=NO SCORE=262.7 SAMPLES=200 CPU=72170us MAXCPU=72282us SLICE=681us MAXSLICE=2456us CYCLE=361ms GAPMAX=11ms
2026-08-25T00:53:21.122,66808,RAW_LINE,,,,,,,,,,,,,,,,,,,,,,,,,,,,[SIGNAL] state=TRACKING contact=YES motion=NO raw=2332 dc=2259.5 ac=+33.1 ppg=+25.2 env=30.9 noise=4.3 snr=6.49 bpmIBI=82 fused=82 valid=YES
2026-08-25T00:53:21.251,66937,RAW_LINE,,,,,,,,,,,,,,,,,,,,,,,,,,,,[PULSE] #91 state=TRACKING bpmIBI=82 ibi=691 accepted=YES peak=111.7 prom=175.9
2026-08-25T00:53:21.622,67308,RAW_LINE,,,,,,,,,,,,,,,,,,,,,,,,,,,,[SIGNAL] state=TRACKING contact=YES motion=NO raw=2265 dc=2265.1 ac=+7.0 ppg=+1.8 env=27.9 noise=3.6 snr=6.73 bpmIBI=82 fused=82 valid=YES
2026-08-25T00:53:21.953,67639,RAW_LINE,,,,,,,,,,,,,,,,,,,,,,,,,,,,[PULSE] #92 state=TRACKING bpmIBI=82 ibi=710 accepted=YES peak=121.9 prom=161.8
2026-08-25T00:53:22.114,67800,HYBRID,82,81,1x,82,100,82.0,1x,82,81,80,11.6,0.65,1x,82,97,3,1,0,0,261.0,200,72102,72282,683,2456,360,11,[HYBRID] IBI=82 Q=81 REL=1x | CORR=82 Q=100 R=0.93 REL=1x | SPEC=82 RAW=81 Q=80 DOM=11.6 H2=0.65 REL=1x | FUSED=82 Q=97 METHODS=3 VALID=YES HARMONIC=NO RESOLVED=NO SCORE=261.0 SAMPLES=200 CPU=72102us MAXCPU=72282us SLICE=683us MAXSLICE=2456us CYCLE=360ms GAPMAX=11ms
2026-08-25T00:53:22.122,67808,RAW_LINE,,,,,,,,,,,,,,,,,,,,,,,,,,,,[SIGNAL] state=TRACKING contact=YES motion=NO raw=2231 dc=2271.0 ac=-50.0 ppg=-63.9 env=46.4 noise=7.3 snr=5.96 bpmIBI=82 fused=82 valid=YES
2026-08-25T00:53:22.622,68308,RAW_LINE,,,,,,,,,,,,,,,,,,,,,,,,,,,,[SIGNAL] state=TRACKING contact=YES motion=NO raw=2416 dc=2276.3 ac=+115.3 ppg=+62.8 env=33.2 noise=6.5 snr=4.72 bpmIBI=82 fused=82 valid=YES
2026-08-25T00:53:22.691,68377,RAW_LINE,,,,,,,,,,,,,,,,,,,,,,,,,,,,[PULSE] #93 state=TRACKING bpmIBI=82 ibi=720 accepted=YES peak=119.6 prom=174.7
